game,gameId,kind,date_et,time_utc,home_id,home,away_id,away,status,home_pts,away_pts,label,sublabel,cup
12600009,0012600009,pre,2026-10-03,2026-10-03T23:00:00Z,1610612761,TOR,1610612748,MIA,1,0,0,Preseason,NBA Canada Game,
12600066,0012600066,pre,2026-10-04,2026-10-04T23:00:00Z,1610612746,LAC,1610612744,GSW,1,0,0,Preseason,,
12600067,0012600067,pre,2026-10-04,2026-10-04T23:00:00Z,1610612743,DEN,1610612762,UTA,1,0,0,Preseason,,
12600004,0012600004,pre,2026-10-05,2026-10-05T23:00:00Z,1610612737,ATL,1610612763,MEM,1,0,0,Preseason,,
12600022,0012600022,pre,2026-10-05,2026-10-05T23:00:00Z,1610612765,DET,1610612756,PHX,1,0,0,Preseason,,
12600023,0012600023,pre,2026-10-05,2026-10-05T23:00:00Z,1610612755,PHI,1610612752,NYK,1,0,0,Preseason,,
12600024,0012600024,pre,2026-10-05,2026-10-06T00:00:00Z,1610612749,MIL,1610612750,MIN,1,0,0,Preseason,,
12600028,0012600028,pre,2026-10-05,2026-10-06T02:00:00Z,1610612758,SAC,1610612747,LAL,1,0,0,Preseason,,
12600010,0012600010,pre,2026-10-06,2026-10-07T02:00:00Z,1610612744,GSW,1610612747,LAL,1,0,0,Preseason,,
12600025,0012600025,pre,2026-10-06,2026-10-06T23:00:00Z,1610612766,CHA,1610612751,BKN,1,0,0,Preseason,,
12600026,0012600026,pre,2026-10-06,2026-10-07T00:00:00Z,1610612760,OKC,1610612740,NOP,1,0,0,Preseason,,
12600027,0012600027,pre,2026-10-06,2026-10-07T01:00:00Z,1610612762,UTA,1610612743,DEN,1,0,0,Preseason,,
12600029,0012600029,pre,2026-10-07,2026-10-07T23:00:00Z,1610612754,IND,1610612750,MIN,1,0,0,Preseason,,
12600030,0012600030,pre,2026-10-07,2026-10-08T00:00:00Z,1610612741,CHI,1610612756,PHX,1,0,0,Preseason,,
12600031,0012600031,pre,2026-10-07,2026-10-08T00:00:00Z,1610612763,MEM,1610612753,ORL,1,0,0,Preseason,,
12600032,0012600032,pre,2026-10-07,2026-10-08T00:00:00Z,1610612760,OKC,1610612749,MIL,1,0,0,Preseason,,
12600033,0012600033,pre,2026-10-07,2026-10-08T02:00:00Z,1610612757,POR,1610612744,GSW,1,0,0,Preseason,,
12600001,0012600001,pre,2026-10-08,2026-10-08T23:30:00Z,1610612748,MIA,1610612740,NOP,1,0,0,Preseason,,
12600005,0012600005,pre,2026-10-08,2026-10-09T00:00:00Z,1610612759,SAS,1610612737,ATL,1,0,0,Preseason,,
12600011,0012600011,pre,2026-10-08,2026-10-08T23:00:00Z,1610612739,CLE,1610612738,BOS,1,0,0,Preseason,,
12600034,0012600034,pre,2026-10-08,2026-10-08T23:30:00Z,1610612751,BKN,1610612755,PHI,1,0,0,Preseason,,
12600035,0012600035,pre,2026-10-08,2026-10-08T23:30:00Z,1610612752,NYK,1610612764,WAS,1,0,0,Preseason,,
12600036,0012600036,pre,2026-10-08,2026-10-09T02:30:00Z,1610612747,LAL,1610612758,SAC,1,0,0,Preseason,,
12600012,0012600012,pre,2026-10-09,2026-10-09T12:00:00Z,1610612742,DAL,1610612745,HOU,1,0,0,Preseason,NBA China Game,
12600037,0012600037,pre,2026-10-09,2026-10-10T00:00:00Z,1610612741,CHI,1610612763,MEM,1,0,0,Preseason,,
12600002,0012600002,pre,2026-10-10,2026-10-11T00:00:00Z,1610612748,MIA,1610612750,MIN,1,0,0,Preseason,,
12600006,0012600006,pre,2026-10-10,2026-10-10T23:00:00Z,1610612754,IND,1610612737,ATL,1,0,0,Preseason,,
12600013,0012600013,pre,2026-10-10,2026-10-11T00:00:00Z,1610612738,BOS,1610612755,PHI,1,0,0,Preseason,,
12600014,0012600014,pre,2026-10-10,2026-10-11T00:30:00Z,1610612744,GSW,1610612758,SAC,1,0,0,Preseason,,
12600015,0012600015,pre,2026-10-10,2026-10-10T22:30:00Z,1610612761,TOR,1610612746,LAC,1,0,0,Preseason,NBA Canada Game,
12600038,0012600038,pre,2026-10-10,2026-10-10T23:00:00Z,1610612764,WAS,1610612765,DET,1,0,0,Preseason,,
12600039,0012600039,pre,2026-10-10,2026-10-11T02:30:00Z,1610612756,PHX,1610612759,SAS,1,0,0,Preseason,,
12600016,0012600016,pre,2026-10-11,2026-10-11T10:00:00Z,1610612745,HOU,1610612742,DAL,1,0,0,Preseason,NBA China Game,Global Games
12600040,0012600040,pre,2026-10-11,2026-10-11T23:00:00Z,1610612766,CHA,1610612749,MIL,1,0,0,Preseason,,
12600041,0012600041,pre,2026-10-11,2026-10-11T22:30:00Z,1610612739,CLE,1610612753,ORL,1,0,0,Preseason,,
12600065,0012600065,pre,2026-10-11,2026-10-12T01:00:00Z,1610612743,DEN,1610612741,CHI,1,0,0,Preseason,,
12600007,0012600007,pre,2026-10-12,2026-10-12T23:00:00Z,1610612737,ATL,1610612760,OKC,1,0,0,Preseason,,
12600042,0012600042,pre,2026-10-12,2026-10-12T20:00:00Z,1610612757,POR,50015,LON,1,0,0,Preseason,,
12600043,0012600043,pre,2026-10-12,2026-10-12T23:30:00Z,1610612752,NYK,1610612750,MIN,1,0,0,Preseason,,
12600044,0012600044,pre,2026-10-12,2026-10-13T01:00:00Z,1610612762,UTA,1610612759,SAS,1,0,0,Preseason,,
12600050,0012600050,pre,2026-10-12,2026-10-12T23:00:00Z,1610612764,WAS,1610612751,BKN,1,0,0,Preseason,,
12600045,0012600045,pre,2026-10-13,2026-10-13T23:00:00Z,1610612753,ORL,1610612739,CLE,1,0,0,Preseason,,
12600046,0012600046,pre,2026-10-13,2026-10-13T23:00:00Z,1610612761,TOR,1610612752,NYK,1,0,0,Preseason,,
12600047,0012600047,pre,2026-10-13,2026-10-14T00:00:00Z,1610612760,OKC,1610612754,IND,1,0,0,Preseason,,
12600048,0012600048,pre,2026-10-13,2026-10-14T02:00:00Z,1610612747,LAL,1610612744,GSW,1,0,0,Preseason,,
12600049,0012600049,pre,2026-10-13,2026-10-14T02:00:00Z,1610612758,SAC,1610612757,POR,1,0,0,Preseason,,
12600003,0012600003,pre,2026-10-14,2026-10-14T23:30:00Z,1610612748,MIA,1610612751,BKN,1,0,0,Preseason,,
12600017,0012600017,pre,2026-10-14,2026-10-14T23:30:00Z,1610612738,BOS,1610612766,CHA,1,0,0,Preseason,,
12600051,0012600051,pre,2026-10-14,2026-10-15T00:00:00Z,1610612742,DAL,1610612740,NOP,1,0,0,Preseason,,
12600052,0012600052,pre,2026-10-14,2026-10-15T00:00:00Z,1610612749,MIL,1610612741,CHI,1,0,0,Preseason,,
12600053,0012600053,pre,2026-10-14,2026-10-15T00:00:00Z,1610612750,MIN,1610612765,DET,1,0,0,Preseason,,
12600054,0012600054,pre,2026-10-14,2026-10-15T00:00:00Z,1610612759,SAS,1610612756,PHX,1,0,0,Preseason,,
12600064,0012600064,pre,2026-10-14,2026-10-15T02:30:00Z,1610612746,LAC,1610612743,DEN,1,0,0,Preseason,,
12600020,0012600020,pre,2026-10-15,2026-10-16T00:30:00Z,1610612745,HOU,1610612760,OKC,1,0,0,Preseason,,
12600055,0012600055,pre,2026-10-15,2026-10-15T23:30:00Z,1610612752,NYK,1610612761,TOR,1,0,0,Preseason,,
12600008,0012600008,pre,2026-10-16,2026-10-17T00:00:00Z,1610612742,DAL,1610612737,ATL,1,0,0,Preseason,,
12600018,0012600018,pre,2026-10-16,2026-10-16T23:00:00Z,1610612755,PHI,1610612738,BOS,1,0,0,Preseason,,
12600019,0012600019,pre,2026-10-16,2026-10-17T02:00:00Z,1610612744,GSW,1610612757,POR,1,0,0,Preseason,,
12600021,0012600021,pre,2026-10-16,2026-10-16T23:00:00Z,1610612753,ORL,1610612748,MIA,1,0,0,Preseason,,
12600056,0012600056,pre,2026-10-16,2026-10-16T23:00:00Z,1610612765,DET,1610612761,TOR,1,0,0,Preseason,,
12600057,0012600057,pre,2026-10-16,2026-10-16T23:00:00Z,1610612754,IND,1610612749,MIL,1,0,0,Preseason,,
12600058,0012600058,pre,2026-10-16,2026-10-17T00:00:00Z,1610612741,CHI,1610612750,MIN,1,0,0,Preseason,,
12600059,0012600059,pre,2026-10-16,2026-10-17T00:00:00Z,1610612763,MEM,1610612766,CHA,1,0,0,Preseason,,
12600060,0012600060,pre,2026-10-16,2026-10-17T00:00:00Z,1610612740,NOP,1610612764,WAS,1,0,0,Preseason,,
12600061,0012600061,pre,2026-10-16,2026-10-17T00:00:00Z,1610612759,SAS,1610612758,SAC,1,0,0,Preseason,,
12600062,0012600062,pre,2026-10-16,2026-10-17T02:00:00Z,1610612756,PHX,1610612762,UTA,1,0,0,Preseason,,
12600063,0012600063,pre,2026-10-16,2026-10-17T02:30:00Z,1610612747,LAL,1610612743,DEN,1,0,0,Preseason,,
22600001,0022600001,reg,2026-10-20,2026-10-20T19:00:00Z,1610612765,DET,1610612738,BOS,1,0,0,,,
22600002,0022600002,reg,2026-10-20,2026-10-20T23:00:00Z,1610612752,NYK,1610612755,PHI,1,0,0,,,
22600003,0022600003,reg,2026-10-20,2026-10-21T01:30:00Z,1610612759,SAS,1610612760,OKC,1,0,0,,,
22600004,0022600004,reg,2026-10-21,2026-10-21T23:30:00Z,1610612748,MIA,1610612750,MIN,1,0,0,,,
22600005,0022600005,reg,2026-10-21,2026-10-22T02:00:00Z,1610612747,LAL,1610612744,GSW,1,0,0,,,
22600085,0022600085,reg,2026-10-21,2026-10-21T23:00:00Z,1610612753,ORL,1610612737,ATL,1,0,0,,,
22600086,0022600086,reg,2026-10-21,2026-10-21T23:00:00Z,1610612764,WAS,1610612749,MIL,1,0,0,,,
22600087,0022600087,reg,2026-10-21,2026-10-21T23:30:00Z,1610612751,BKN,1610612766,CHA,1,0,0,,,
22600088,0022600088,reg,2026-10-21,2026-10-21T23:30:00Z,1610612761,TOR,1610612741,CHI,1,0,0,,,
22600089,0022600089,reg,2026-10-21,2026-10-22T00:00:00Z,1610612763,MEM,1610612762,UTA,1,0,0,,,
22600090,0022600090,reg,2026-10-21,2026-10-22T00:00:00Z,1610612740,NOP,1610612754,IND,1,0,0,,,
22600091,0022600091,reg,2026-10-21,2026-10-22T00:30:00Z,1610612745,HOU,1610612742,DAL,1,0,0,,,
22600092,0022600092,reg,2026-10-21,2026-10-22T02:00:00Z,1610612757,POR,1610612756,PHX,1,0,0,,,
22600093,0022600093,reg,2026-10-21,2026-10-22T02:30:00Z,1610612746,LAC,1610612758,SAC,1,0,0,,,
22600006,0022600006,reg,2026-10-22,2026-10-22T23:00:00Z,1610612755,PHI,1610612739,CLE,1,0,0,,,
22600007,0022600007,reg,2026-10-22,2026-10-23T01:30:00Z,1610612760,OKC,1610612743,DEN,1,0,0,,,
22600008,0022600008,reg,2026-10-23,2026-10-23T23:00:00Z,1610612738,BOS,1610612752,NYK,1,0,0,,,
22600009,0022600009,reg,2026-10-23,2026-10-24T01:30:00Z,1610612759,SAS,1610612745,HOU,1,0,0,,,
22600094,0022600094,reg,2026-10-23,2026-10-23T23:00:00Z,1610612766,CHA,1610612737,ATL,1,0,0,,,
22600095,0022600095,reg,2026-10-23,2026-10-23T23:00:00Z,1610612754,IND,1610612742,DAL,1,0,0,,,
22600096,0022600096,reg,2026-10-23,2026-10-23T23:00:00Z,1610612753,ORL,1610612750,MIN,1,0,0,,,
22600097,0022600097,reg,2026-10-23,2026-10-23T23:00:00Z,1610612764,WAS,1610612761,TOR,1,0,0,,,
22600098,0022600098,reg,2026-10-23,2026-10-24T00:00:00Z,1610612748,MIA,1610612765,DET,1,0,0,,,
22600099,0022600099,reg,2026-10-23,2026-10-24T00:00:00Z,1610612749,MIL,1610612741,CHI,1,0,0,,,
22600100,0022600100,reg,2026-10-23,2026-10-24T01:30:00Z,1610612762,UTA,1610612740,NOP,1,0,0,,,
22600101,0022600101,reg,2026-10-23,2026-10-24T02:00:00Z,1610612744,GSW,1610612763,MEM,1,0,0,,,
22600102,0022600102,reg,2026-10-23,2026-10-24T02:00:00Z,1610612747,LAL,1610612746,LAC,1,0,0,,,
22600103,0022600103,reg,2026-10-23,2026-10-24T02:00:00Z,1610612758,SAC,1610612757,POR,1,0,0,,,
22600104,0022600104,reg,2026-10-24,2026-10-24T22:00:00Z,1610612766,CHA,1610612748,MIA,1,0,0,,,
22600105,0022600105,reg,2026-10-24,2026-10-24T23:30:00Z,1610612739,CLE,1610612751,BKN,1,0,0,,,
22600106,0022600106,reg,2026-10-24,2026-10-24T23:30:00Z,1610612755,PHI,1610612749,MIL,1,0,0,,,
22600107,0022600107,reg,2026-10-24,2026-10-25T00:00:00Z,1610612737,ATL,1610612745,HOU,1,0,0,,,
22600108,0022600108,reg,2026-10-24,2026-10-25T00:00:00Z,1610612741,CHI,1610612764,WAS,1,0,0,,,
22600109,0022600109,reg,2026-10-24,2026-10-25T00:00:00Z,1610612742,DAL,1610612759,SAS,1,0,0,,,
22600110,0022600110,reg,2026-10-24,2026-10-25T01:00:00Z,1610612743,DEN,1610612740,NOP,1,0,0,,,
22600111,0022600111,reg,2026-10-24,2026-10-25T02:00:00Z,1610612756,PHX,1610612744,GSW,1,0,0,,,
22600112,0022600112,reg,2026-10-25,2026-10-25T21:00:00Z,1610612762,UTA,1610612747,LAL,1,0,0,,,
22600113,0022600113,reg,2026-10-25,2026-10-25T22:00:00Z,1610612751,BKN,1610612754,IND,1,0,0,,,
22600114,0022600114,reg,2026-10-25,2026-10-25T23:00:00Z,1610612752,NYK,1610612753,ORL,1,0,0,,,
22600115,0022600115,reg,2026-10-25,2026-10-25T23:00:00Z,1610612750,MIN,1610612761,TOR,1,0,0,,,
22600116,0022600116,reg,2026-10-25,2026-10-25T23:00:00Z,1610612760,OKC,1610612746,LAC,1,0,0,,,
22600117,0022600117,reg,2026-10-25,2026-10-25T23:30:00Z,1610612755,PHI,1610612765,DET,1,0,0,,,
22600118,0022600118,reg,2026-10-25,2026-10-26T01:00:00Z,1610612758,SAC,1610612763,MEM,1,0,0,,,
22600119,0022600119,reg,2026-10-26,2026-10-26T23:00:00Z,1610612766,CHA,1610612764,WAS,1,0,0,,,
22600120,0022600120,reg,2026-10-26,2026-10-26T23:00:00Z,1610612739,CLE,1610612750,MIN,1,0,0,,,
22600121,0022600121,reg,2026-10-26,2026-10-26T23:30:00Z,1610612738,BOS,1610612741,CHI,1,0,0,,,
22600122,0022600122,reg,2026-10-26,2026-10-26T23:30:00Z,1610612748,MIA,1610612742,DAL,1,0,0,,,
22600123,0022600123,reg,2026-10-26,2026-10-27T00:00:00Z,1610612749,MIL,1610612754,IND,1,0,0,,,
22600124,0022600124,reg,2026-10-26,2026-10-27T00:00:00Z,1610612760,OKC,1610612756,PHX,1,0,0,,,
22600125,0022600125,reg,2026-10-26,2026-10-27T00:30:00Z,1610612745,HOU,1610612737,ATL,1,0,0,,,
22600126,0022600126,reg,2026-10-26,2026-10-27T01:00:00Z,1610612762,UTA,1610612763,MEM,1,0,0,,,
22600127,0022600127,reg,2026-10-26,2026-10-27T02:00:00Z,1610612743,DEN,1610612744,GSW,1,0,0,,,
22600128,0022600128,reg,2026-10-27,2026-10-27T23:30:00Z,1610612738,BOS,1610612751,BKN,1,0,0,,,
22600129,0022600129,reg,2026-10-27,2026-10-28T00:00:00Z,1610612752,NYK,1610612765,DET,1,0,0,,,
22600130,0022600130,reg,2026-10-27,2026-10-28T00:00:00Z,1610612759,SAS,1610612758,SAC,1,0,0,,,
22600131,0022600131,reg,2026-10-27,2026-10-28T03:00:00Z,1610612747,LAL,1610612757,POR,1,0,0,,,
22600132,0022600132,reg,2026-10-28,2026-10-28T23:00:00Z,1610612737,ATL,1610612748,MIA,1,0,0,,,
22600133,0022600133,reg,2026-10-28,2026-10-28T23:00:00Z,1610612739,CLE,1610612764,WAS,1,0,0,,,
22600134,0022600134,reg,2026-10-28,2026-10-28T23:00:00Z,1610612765,DET,1610612766,CHA,1,0,0,,,
22600135,0022600135,reg,2026-10-28,2026-10-28T23:00:00Z,1610612754,IND,1610612755,PHI,1,0,0,,,
22600136,0022600136,reg,2026-10-28,2026-10-28T23:30:00Z,1610612761,TOR,1610612753,ORL,1,0,0,,,
22600137,0022600137,reg,2026-10-28,2026-10-29T00:00:00Z,1610612741,CHI,1610612752,NYK,1,0,0,,,
22600138,0022600138,reg,2026-10-28,2026-10-29T00:00:00Z,1610612749,MIL,1610612745,HOU,1,0,0,,,
22600139,0022600139,reg,2026-10-28,2026-10-29T00:00:00Z,1610612750,MIN,1610612744,GSW,1,0,0,,,
22600140,0022600140,reg,2026-10-28,2026-10-29T00:00:00Z,1610612740,NOP,1610612743,DEN,1,0,0,,,
22600141,0022600141,reg,2026-10-28,2026-10-29T01:00:00Z,1610612762,UTA,1610612759,SAS,1,0,0,,,
22600142,0022600142,reg,2026-10-28,2026-10-29T01:30:00Z,1610612742,DAL,1610612760,OKC,1,0,0,,,
22600143,0022600143,reg,2026-10-28,2026-10-29T02:30:00Z,1610612746,LAC,1610612747,LAL,1,0,0,,,
22600144,0022600144,reg,2026-10-29,2026-10-29T23:00:00Z,1610612737,ATL,1610612739,CLE,1,0,0,,,
22600145,0022600145,reg,2026-10-29,2026-10-30T00:00:00Z,1610612740,NOP,1610612758,SAC,1,0,0,,,
22600146,0022600146,reg,2026-10-29,2026-10-30T02:00:00Z,1610612757,POR,1610612763,MEM,1,0,0,,,
22600015,0022600015,reg,2026-10-30,2026-10-30T23:00:00Z,1610612764,WAS,1610612766,CHA,1,0,0,Emirates NBA Cup,East Group C,in-season
22600016,0022600016,reg,2026-10-30,2026-10-30T23:30:00Z,1610612738,BOS,1610612741,CHI,1,0,0,Emirates NBA Cup,East Group C,in-season
22600017,0022600017,reg,2026-10-30,2026-10-30T23:30:00Z,1610612751,BKN,1610612765,DET,1,0,0,Emirates NBA Cup,East Group A,in-season
22600018,0022600018,reg,2026-10-30,2026-10-30T23:30:00Z,1610612755,PHI,1610612752,NYK,1,0,0,Emirates NBA Cup,East Group B,in-season
22600019,0022600019,reg,2026-10-30,2026-10-30T23:30:00Z,1610612761,TOR,1610612753,ORL,1,0,0,Emirates NBA Cup,East Group A,in-season
22600020,0022600020,reg,2026-10-30,2026-10-31T00:00:00Z,1610612748,MIA,1610612754,IND,1,0,0,Emirates NBA Cup,East Group B,in-season
22600021,0022600021,reg,2026-10-30,2026-10-31T00:00:00Z,1610612742,DAL,1610612745,HOU,1,0,0,Emirates NBA Cup,West Group A,in-season
22600022,0022600022,reg,2026-10-30,2026-10-31T00:00:00Z,1610612750,MIN,1610612746,LAC,1,0,0,Emirates NBA Cup,West Group B,in-season
22600023,0022600023,reg,2026-10-30,2026-10-31T02:00:00Z,1610612744,GSW,1610612747,LAL,1,0,0,Emirates NBA Cup,West Group C,in-season
22600024,0022600024,reg,2026-10-30,2026-10-31T02:00:00Z,1610612756,PHX,1610612743,DEN,1,0,0,Emirates NBA Cup,West Group A,in-season
22600147,0022600147,reg,2026-10-31,2026-10-31T19:00:00Z,1610612762,UTA,1610612757,POR,1,0,0,,,
22600148,0022600148,reg,2026-10-31,2026-10-31T22:00:00Z,1610612766,CHA,1610612755,PHI,1,0,0,,,
22600149,0022600149,reg,2026-10-31,2026-10-31T23:00:00Z,1610612740,NOP,1610612737,ATL,1,0,0,,,
22600150,0022600150,reg,2026-10-31,2026-11-01T00:00:00Z,1610612763,MEM,1610612758,SAC,1,0,0,,,
22600151,0022600151,reg,2026-10-31,2026-11-01T00:00:00Z,1610612749,MIL,1610612739,CLE,1,0,0,,,
22600152,0022600152,reg,2026-10-31,2026-11-01T00:00:00Z,1610612759,SAS,1610612750,MIN,1,0,0,,,
22600153,0022600153,reg,2026-10-31,2026-11-01T00:30:00Z,1610612745,HOU,1610612760,OKC,1,0,0,,,
22600154,0022600154,reg,2026-11-01,2026-11-01T20:30:00Z,1610612753,ORL,1610612738,BOS,1,0,0,,,
22600155,0022600155,reg,2026-11-01,2026-11-01T22:00:00Z,1610612754,IND,1610612751,BKN,1,0,0,,,
22600156,0022600156,reg,2026-11-01,2026-11-02T01:30:00Z,1610612744,GSW,1610612746,LAC,1,0,0,,,
22600157,0022600157,reg,2026-11-01,2026-11-02T02:00:00Z,1610612747,LAL,1610612761,TOR,1,0,0,,,
22600158,0022600158,reg,2026-11-02,2026-11-03T00:00:00Z,1610612739,CLE,1610612760,OKC,1,0,0,,,
22600159,0022600159,reg,2026-11-02,2026-11-03T00:30:00Z,1610612766,CHA,1610612765,DET,1,0,0,,,
22600160,0022600160,reg,2026-11-02,2026-11-03T00:30:00Z,1610612754,IND,1610612737,ATL,1,0,0,,,
22600161,0022600161,reg,2026-11-02,2026-11-03T00:30:00Z,1610612752,NYK,1610612751,BKN,1,0,0,,,
22600162,0022600162,reg,2026-11-02,2026-11-03T00:30:00Z,1610612753,ORL,1610612764,WAS,1,0,0,,,
22600163,0022600163,reg,2026-11-02,2026-11-03T00:30:00Z,1610612755,PHI,1610612741,CHI,1,0,0,,,
22600164,0022600164,reg,2026-11-02,2026-11-03T01:00:00Z,1610612742,DAL,1610612758,SAC,1,0,0,,,
22600165,0022600165,reg,2026-11-02,2026-11-03T01:00:00Z,1610612763,MEM,1610612740,NOP,1,0,0,,,
22600166,0022600166,reg,2026-11-02,2026-11-03T01:00:00Z,1610612750,MIN,1610612749,MIL,1,0,0,,,
22600167,0022600167,reg,2026-11-02,2026-11-03T01:30:00Z,1610612745,HOU,1610612738,BOS,1,0,0,,,
22600168,0022600168,reg,2026-11-02,2026-11-03T01:30:00Z,1610612759,SAS,1610612762,UTA,1,0,0,,,
22600169,0022600169,reg,2026-11-02,2026-11-03T02:00:00Z,1610612743,DEN,1610612757,POR,1,0,0,,,
22600170,0022600170,reg,2026-11-02,2026-11-03T03:00:00Z,1610612744,GSW,1610612756,PHX,1,0,0,,,
22600171,0022600171,reg,2026-11-02,2026-11-03T03:00:00Z,1610612746,LAC,1610612761,TOR,1,0,0,,,
22600172,0022600172,reg,2026-11-02,2026-11-03T03:00:00Z,1610612747,LAL,1610612748,MIA,1,0,0,,,
22600173,0022600173,reg,2026-11-04,2026-11-05T00:00:00Z,1610612765,DET,1610612755,PHI,1,0,0,,,
22600174,0022600174,reg,2026-11-04,2026-11-05T00:00:00Z,1610612764,WAS,1610612737,ATL,1,0,0,,,
22600175,0022600175,reg,2026-11-04,2026-11-05T00:30:00Z,1610612738,BOS,1610612749,MIL,1,0,0,,,
22600176,0022600176,reg,2026-11-04,2026-11-05T00:30:00Z,1610612751,BKN,1610612766,CHA,1,0,0,,,
22600177,0022600177,reg,2026-11-04,2026-11-05T00:30:00Z,1610612752,NYK,1610612741,CHI,1,0,0,,,
22600178,0022600178,reg,2026-11-04,2026-11-05T01:00:00Z,1610612763,MEM,1610612754,IND,1,0,0,,,
22600179,0022600179,reg,2026-11-04,2026-11-05T01:00:00Z,1610612740,NOP,1610612762,UTA,1,0,0,,,
22600180,0022600180,reg,2026-11-04,2026-11-05T01:00:00Z,1610612760,OKC,1610612739,CLE,1,0,0,,,
22600181,0022600181,reg,2026-11-04,2026-11-05T01:30:00Z,1610612745,HOU,1610612750,MIN,1,0,0,,,
22600182,0022600182,reg,2026-11-04,2026-11-05T02:00:00Z,1610612743,DEN,1610612761,TOR,1,0,0,,,
22600183,0022600183,reg,2026-11-04,2026-11-05T02:00:00Z,1610612756,PHX,1610612757,POR,1,0,0,,,
22600184,0022600184,reg,2026-11-04,2026-11-05T02:30:00Z,1610612759,SAS,1610612742,DAL,1,0,0,,,
22600185,0022600185,reg,2026-11-04,2026-11-05T03:00:00Z,1610612758,SAC,1610612747,LAL,1,0,0,,,
22600186,0022600186,reg,2026-11-04,2026-11-05T03:30:00Z,1610612746,LAC,1610612748,MIA,1,0,0,,,
22600187,0022600187,reg,2026-11-05,2026-11-06T02:00:00Z,1610612756,PHX,1610612753,ORL,1,0,0,,,
22600188,0022600188,reg,2026-11-05,2026-11-06T03:00:00Z,1610612744,GSW,1610612748,MIA,1,0,0,,,
22600025,0022600025,reg,2026-11-06,2026-11-07T00:00:00Z,1610612737,ATL,1610612764,WAS,1,0,0,Emirates NBA Cup,East Group C,in-season
22600026,0022600026,reg,2026-11-06,2026-11-07T00:00:00Z,1610612766,CHA,1610612738,BOS,1,0,0,Emirates NBA Cup,East Group C,in-season
22600027,0022600027,reg,2026-11-06,2026-11-07T00:30:00Z,1610612739,CLE,1610612755,PHI,1,0,0,Emirates NBA Cup,East Group B,in-season
22600028,0022600028,reg,2026-11-06,2026-11-07T01:00:00Z,1610612742,DAL,1610612762,UTA,1,0,0,Emirates NBA Cup,West Group A,in-season
22600029,0022600029,reg,2026-11-06,2026-11-07T01:00:00Z,1610612763,MEM,1610612760,OKC,1,0,0,Emirates NBA Cup,West Group B,in-season
22600030,0022600030,reg,2026-11-06,2026-11-07T01:00:00Z,1610612749,MIL,1610612761,TOR,1,0,0,Emirates NBA Cup,East Group A,in-season
22600031,0022600031,reg,2026-11-06,2026-11-07T01:00:00Z,1610612740,NOP,1610612750,MIN,1,0,0,Emirates NBA Cup,West Group B,in-season
22600032,0022600032,reg,2026-11-06,2026-11-07T03:00:00Z,1610612747,LAL,1610612757,POR,1,0,0,Emirates NBA Cup,West Group C,in-season
22600033,0022600033,reg,2026-11-06,2026-11-07T03:00:00Z,1610612758,SAC,1610612759,SAS,1,0,0,Emirates NBA Cup,West Group C,in-season
22600189,0022600189,reg,2026-11-07,2026-11-07T22:00:00Z,1610612754,IND,1610612743,DEN,1,0,0,NBA Mexico City Game,,Global Games
22600190,0022600190,reg,2026-11-07,2026-11-08T00:30:00Z,1610612737,ATL,1610612751,BKN,1,0,0,,,
22600191,0022600191,reg,2026-11-07,2026-11-08T01:00:00Z,1610612739,CLE,1610612752,NYK,1,0,0,,,
22600192,0022600192,reg,2026-11-07,2026-11-08T01:00:00Z,1610612760,OKC,1610612764,WAS,1,0,0,,,
22600193,0022600193,reg,2026-11-07,2026-11-08T01:30:00Z,1610612744,GSW,1610612753,ORL,1,0,0,,,
22600194,0022600194,reg,2026-11-07,2026-11-08T02:00:00Z,1610612756,PHX,1610612745,HOU,1,0,0,,,
22600195,0022600195,reg,2026-11-07,2026-11-08T03:00:00Z,1610612757,POR,1610612759,SAS,1,0,0,,,
22600196,0022600196,reg,2026-11-08,2026-11-08T20:30:00Z,1610612741,CHI,1610612755,PHI,1,0,0,,,
22600197,0022600197,reg,2026-11-08,2026-11-08T23:00:00Z,1610612765,DET,1610612747,LAL,1,0,0,,,
22600198,0022600198,reg,2026-11-08,2026-11-09T00:00:00Z,1610612750,MIN,1610612762,UTA,1,0,0,,,
22600199,0022600199,reg,2026-11-08,2026-11-09T00:30:00Z,1610612742,DAL,1610612751,BKN,1,0,0,,,
22600200,0022600200,reg,2026-11-08,2026-11-09T01:00:00Z,1610612749,MIL,1610612738,BOS,1,0,0,,,
22600201,0022600201,reg,2026-11-08,2026-11-09T02:00:00Z,1610612746,LAC,1610612740,NOP,1,0,0,,,
22600202,0022600202,reg,2026-11-08,2026-11-09T02:00:00Z,1610612758,SAC,1610612748,MIA,1,0,0,,,
22600203,0022600203,reg,2026-11-09,2026-11-10T00:00:00Z,1610612737,ATL,1610612747,LAL,1,0,0,,,
22600204,0022600204,reg,2026-11-09,2026-11-10T00:00:00Z,1610612766,CHA,1610612739,CLE,1,0,0,,,
22600205,0022600205,reg,2026-11-09,2026-11-10T00:00:00Z,1610612765,DET,1610612764,WAS,1,0,0,,,
22600206,0022600206,reg,2026-11-09,2026-11-10T00:30:00Z,1610612761,TOR,1610612763,MEM,1,0,0,,,
22600207,0022600207,reg,2026-11-09,2026-11-10T01:00:00Z,1610612742,DAL,1610612754,IND,1,0,0,,,
22600208,0022600208,reg,2026-11-09,2026-11-10T01:30:00Z,1610612745,HOU,1610612743,DEN,1,0,0,,,
22600209,0022600209,reg,2026-11-09,2026-11-10T02:00:00Z,1610612756,PHX,1610612759,SAS,1,0,0,,,
22600210,0022600210,reg,2026-11-09,2026-11-10T03:00:00Z,1610612744,GSW,1610612740,NOP,1,0,0,,,
22600211,0022600211,reg,2026-11-10,2026-11-11T00:30:00Z,1610612752,NYK,1610612749,MIL,1,0,0,,,
22600212,0022600212,reg,2026-11-10,2026-11-11T01:00:00Z,1610612755,PHI,1610612738,BOS,1,0,0,,,
22600213,0022600213,reg,2026-11-10,2026-11-11T02:00:00Z,1610612756,PHX,1610612746,LAC,1,0,0,,,
22600214,0022600214,reg,2026-11-10,2026-11-11T02:00:00Z,1610612762,UTA,1610612748,MIA,1,0,0,,,
22600215,0022600215,reg,2026-11-10,2026-11-11T03:00:00Z,1610612758,SAC,1610612753,ORL,1,0,0,,,
22600216,0022600216,reg,2026-11-10,2026-11-11T04:00:00Z,1610612757,POR,1610612760,OKC,1,0,0,,,
22600217,0022600217,reg,2026-11-11,2026-11-12T00:00:00Z,1610612754,IND,1610612764,WAS,1,0,0,,,
22600218,0022600218,reg,2026-11-11,2026-11-12T00:00:00Z,1610612752,NYK,1610612739,CLE,1,0,0,,,
22600219,0022600219,reg,2026-11-11,2026-11-12T00:00:00Z,1610612761,TOR,1610612738,BOS,1,0,0,,,
22600220,0022600220,reg,2026-11-11,2026-11-12T01:00:00Z,1610612741,CHI,1610612759,SAS,1,0,0,,,
22600221,0022600221,reg,2026-11-11,2026-11-12T01:00:00Z,1610612763,MEM,1610612743,DEN,1,0,0,,,
22600222,0022600222,reg,2026-11-11,2026-11-12T01:00:00Z,1610612749,MIL,1610612747,LAL,1,0,0,,,
22600223,0022600223,reg,2026-11-11,2026-11-12T01:00:00Z,1610612740,NOP,1610612751,BKN,1,0,0,,,
22600224,0022600224,reg,2026-11-11,2026-11-12T02:00:00Z,1610612762,UTA,1610612753,ORL,1,0,0,,,
22600225,0022600225,reg,2026-11-11,2026-11-12T02:30:00Z,1610612745,HOU,1610612744,GSW,1,0,0,,,
22600226,0022600226,reg,2026-11-11,2026-11-12T03:00:00Z,1610612757,POR,1610612760,OKC,1,0,0,,,
22600227,0022600227,reg,2026-11-12,2026-11-13T00:00:00Z,1610612755,PHI,1610612761,TOR,1,0,0,,,
22600228,0022600228,reg,2026-11-12,2026-11-13T00:00:00Z,1610612764,WAS,1610612765,DET,1,0,0,,,
22600229,0022600229,reg,2026-11-12,2026-11-13T01:00:00Z,1610612750,MIN,1610612742,DAL,1,0,0,,,
22600230,0022600230,reg,2026-11-12,2026-11-13T02:00:00Z,1610612756,PHX,1610612766,CHA,1,0,0,,,
22600034,0022600034,reg,2026-11-13,2026-11-14T00:00:00Z,1610612754,IND,1610612752,NYK,1,0,0,Emirates NBA Cup,East Group B,in-season
22600035,0022600035,reg,2026-11-13,2026-11-14T00:00:00Z,1610612753,ORL,1610612749,MIL,1,0,0,Emirates NBA Cup,East Group A,in-season
22600036,0022600036,reg,2026-11-13,2026-11-14T01:00:00Z,1610612748,MIA,1610612739,CLE,1,0,0,Emirates NBA Cup,East Group B,in-season
22600037,0022600037,reg,2026-11-13,2026-11-14T01:00:00Z,1610612741,CHI,1610612737,ATL,1,0,0,Emirates NBA Cup,East Group C,in-season
22600038,0022600038,reg,2026-11-13,2026-11-14T01:00:00Z,1610612740,NOP,1610612763,MEM,1,0,0,Emirates NBA Cup,West Group B,in-season
22600039,0022600039,reg,2026-11-13,2026-11-14T01:30:00Z,1610612745,HOU,1610612762,UTA,1,0,0,Emirates NBA Cup,West Group A,in-season
22600040,0022600040,reg,2026-11-13,2026-11-14T02:30:00Z,1610612759,SAS,1610612744,GSW,1,0,0,Emirates NBA Cup,West Group C,in-season
22600041,0022600041,reg,2026-11-13,2026-11-14T03:00:00Z,1610612758,SAC,1610612757,POR,1,0,0,Emirates NBA Cup,West Group C,in-season
22600042,0022600042,reg,2026-11-13,2026-11-14T03:30:00Z,1610612746,LAC,1610612760,OKC,1,0,0,Emirates NBA Cup,West Group B,in-season
22600231,0022600231,reg,2026-11-14,2026-11-15T00:00:00Z,1610612740,NOP,1610612743,DEN,1,0,0,,,
22600232,0022600232,reg,2026-11-14,2026-11-15T00:30:00Z,1610612739,CLE,1610612742,DAL,1,0,0,,,
22600233,0022600233,reg,2026-11-14,2026-11-15T01:00:00Z,1610612748,MIA,1610612765,DET,1,0,0,,,
22600234,0022600234,reg,2026-11-14,2026-11-15T01:00:00Z,1610612763,MEM,1610612751,BKN,1,0,0,,,
22600235,0022600235,reg,2026-11-14,2026-11-15T01:00:00Z,1610612750,MIN,1610612741,CHI,1,0,0,,,
22600236,0022600236,reg,2026-11-15,2026-11-15T18:00:00Z,1610612755,PHI,1610612754,IND,1,0,0,,,
22600237,0022600237,reg,2026-11-15,2026-11-15T21:00:00Z,1610612756,PHX,1610612747,LAL,1,0,0,,,
22600238,0022600238,reg,2026-11-15,2026-11-15T21:30:00Z,1610612746,LAC,1610612766,CHA,1,0,0,,,
22600239,0022600239,reg,2026-11-15,2026-11-15T22:00:00Z,1610612762,UTA,1610612759,SAS,1,0,0,,,
22600240,0022600240,reg,2026-11-15,2026-11-15T23:00:00Z,1610612738,BOS,1610612742,DAL,1,0,0,,,
22600241,0022600241,reg,2026-11-15,2026-11-15T23:00:00Z,1610612761,TOR,1610612752,NYK,1,0,0,,,
22600242,0022600242,reg,2026-11-15,2026-11-16T00:00:00Z,1610612764,WAS,1610612745,HOU,1,0,0,,,
22600243,0022600243,reg,2026-11-15,2026-11-16T01:00:00Z,1610612749,MIL,1610612737,ATL,1,0,0,,,
22600244,0022600244,reg,2026-11-15,2026-11-16T02:00:00Z,1610612758,SAC,1610612760,OKC,1,0,0,,,
22600245,0022600245,reg,2026-11-16,2026-11-17T00:00:00Z,1610612738,BOS,1610612753,ORL,1,0,0,,,
22600246,0022600246,reg,2026-11-16,2026-11-17T00:00:00Z,1610612739,CLE,1610612741,CHI,1,0,0,,,
22600247,0022600247,reg,2026-11-16,2026-11-17T00:00:00Z,1610612764,WAS,1610612763,MEM,1,0,0,,,
22600248,0022600248,reg,2026-11-16,2026-11-17T00:30:00Z,1610612751,BKN,1610612755,PHI,1,0,0,,,
22600249,0022600249,reg,2026-11-16,2026-11-17T00:30:00Z,1610612748,MIA,1610612745,HOU,1,0,0,,,
22600250,0022600250,reg,2026-11-16,2026-11-17T01:00:00Z,1610612750,MIN,1610612757,POR,1,0,0,,,
22600251,0022600251,reg,2026-11-16,2026-11-17T01:00:00Z,1610612740,NOP,1610612744,GSW,1,0,0,,,
22600252,0022600252,reg,2026-11-16,2026-11-17T02:00:00Z,1610612743,DEN,1610612756,PHX,1,0,0,,,
22600253,0022600253,reg,2026-11-17,2026-11-18T00:30:00Z,1610612761,TOR,1610612752,NYK,1,0,0,,,
22600254,0022600254,reg,2026-11-17,2026-11-18T01:00:00Z,1610612750,MIN,1610612757,POR,1,0,0,,,
22600255,0022600255,reg,2026-11-17,2026-11-18T01:00:00Z,1610612759,SAS,1610612765,DET,1,0,0,,,
22600256,0022600256,reg,2026-11-17,2026-11-18T03:00:00Z,1610612747,LAL,1610612766,CHA,1,0,0,,,
22600257,0022600257,reg,2026-11-17,2026-11-18T04:00:00Z,1610612746,LAC,1610612762,UTA,1,0,0,,,
22600258,0022600258,reg,2026-11-18,2026-11-19T00:00:00Z,1610612739,CLE,1610612763,MEM,1,0,0,,,
22600259,0022600259,reg,2026-11-18,2026-11-19T00:00:00Z,1610612754,IND,1610612745,HOU,1,0,0,,,
22600260,0022600260,reg,2026-11-18,2026-11-19T00:00:00Z,1610612748,MIA,1610612749,MIL,1,0,0,,,
22600261,0022600261,reg,2026-11-18,2026-11-19T00:00:00Z,1610612753,ORL,1610612755,PHI,1,0,0,,,
22600262,0022600262,reg,2026-11-18,2026-11-19T00:30:00Z,1610612751,BKN,1610612741,CHI,1,0,0,,,
22600263,0022600263,reg,2026-11-18,2026-11-19T00:30:00Z,1610612761,TOR,1610612764,WAS,1,0,0,,,
22600264,0022600264,reg,2026-11-18,2026-11-19T01:00:00Z,1610612740,NOP,1610612765,DET,1,0,0,,,
22600265,0022600265,reg,2026-11-18,2026-11-19T01:00:00Z,1610612760,OKC,1610612737,ATL,1,0,0,,,
22600266,0022600266,reg,2026-11-18,2026-11-19T02:00:00Z,1610612743,DEN,1610612738,BOS,1,0,0,,,
22600267,0022600267,reg,2026-11-18,2026-11-19T02:30:00Z,1610612742,DAL,1610612744,GSW,1,0,0,,,
22600268,0022600268,reg,2026-11-18,2026-11-19T03:00:00Z,1610612747,LAL,1610612762,UTA,1,0,0,,,
22600269,0022600269,reg,2026-11-18,2026-11-19T03:00:00Z,1610612758,SAC,1610612756,PHX,1,0,0,,,
22600270,0022600270,reg,2026-11-19,2026-11-20T01:00:00Z,1610612763,MEM,1610612744,GSW,1,0,0,,,
22600271,0022600271,reg,2026-11-19,2026-11-20T01:00:00Z,1610612749,MIL,1610612757,POR,1,0,0,,,
22600272,0022600272,reg,2026-11-19,2026-11-20T01:00:00Z,1610612750,MIN,1610612752,NYK,1,0,0,,,
22600273,0022600273,reg,2026-11-19,2026-11-20T01:00:00Z,1610612759,SAS,1610612746,LAC,1,0,0,,,
22600043,0022600043,reg,2026-11-20,2026-11-21T00:00:00Z,1610612737,ATL,1610612766,CHA,1,0,0,Emirates NBA Cup,East Group C,in-season
22600044,0022600044,reg,2026-11-20,2026-11-21T00:30:00Z,1610612751,BKN,1610612753,ORL,1,0,0,Emirates NBA Cup,East Group A,in-season
22600045,0022600045,reg,2026-11-20,2026-11-21T00:30:00Z,1610612739,CLE,1610612754,IND,1,0,0,Emirates NBA Cup,East Group B,in-season
22600046,0022600046,reg,2026-11-20,2026-11-21T00:30:00Z,1610612765,DET,1610612761,TOR,1,0,0,Emirates NBA Cup,East Group A,in-season
22600047,0022600047,reg,2026-11-20,2026-11-21T01:00:00Z,1610612741,CHI,1610612764,WAS,1,0,0,Emirates NBA Cup,East Group C,in-season
22600048,0022600048,reg,2026-11-20,2026-11-21T01:00:00Z,1610612760,OKC,1610612740,NOP,1,0,0,Emirates NBA Cup,West Group B,in-season
22600049,0022600049,reg,2026-11-20,2026-11-21T02:30:00Z,1610612762,UTA,1610612756,PHX,1,0,0,Emirates NBA Cup,West Group A,in-season
22600050,0022600050,reg,2026-11-20,2026-11-21T03:00:00Z,1610612743,DEN,1610612745,HOU,1,0,0,Emirates NBA Cup,West Group A,in-season
22600051,0022600051,reg,2026-11-20,2026-11-21T03:00:00Z,1610612747,LAL,1610612758,SAC,1,0,0,Emirates NBA Cup,West Group C,in-season
22600274,0022600274,reg,2026-11-21,2026-11-21T18:00:00Z,1610612755,PHI,1610612749,MIL,1,0,0,,,
22600275,0022600275,reg,2026-11-21,2026-11-22T00:30:00Z,1610612752,NYK,1610612757,POR,1,0,0,,,
22600276,0022600276,reg,2026-11-21,2026-11-22T01:00:00Z,1610612742,DAL,1610612746,LAC,1,0,0,,,
22600277,0022600277,reg,2026-11-21,2026-11-22T01:00:00Z,1610612750,MIN,1610612763,MEM,1,0,0,,,
22600278,0022600278,reg,2026-11-21,2026-11-22T01:00:00Z,1610612759,SAS,1610612740,NOP,1,0,0,,,
22600279,0022600279,reg,2026-11-21,2026-11-22T03:00:00Z,1610612758,SAC,1610612738,BOS,1,0,0,,,
22600280,0022600280,reg,2026-11-22,2026-11-22T20:30:00Z,1610612737,ATL,1610612765,DET,1,0,0,,,
22600281,0022600281,reg,2026-11-22,2026-11-22T23:00:00Z,1610612748,MIA,1610612760,OKC,1,0,0,,,
22600282,0022600282,reg,2026-11-22,2026-11-23T00:00:00Z,1610612764,WAS,1610612753,ORL,1,0,0,,,
22600283,0022600283,reg,2026-11-22,2026-11-23T00:00:00Z,1610612741,CHI,1610612743,DEN,1,0,0,,,
22600284,0022600284,reg,2026-11-22,2026-11-23T00:00:00Z,1610612762,UTA,1610612742,DAL,1,0,0,,,
22600285,0022600285,reg,2026-11-22,2026-11-23T01:00:00Z,1610612752,NYK,1610612754,IND,1,0,0,,,
22600286,0022600286,reg,2026-11-22,2026-11-23T01:30:00Z,1610612744,GSW,1610612738,BOS,1,0,0,,,
22600287,0022600287,reg,2026-11-23,2026-11-24T00:00:00Z,1610612766,CHA,1610612763,MEM,1,0,0,,,
22600288,0022600288,reg,2026-11-23,2026-11-24T00:00:00Z,1610612755,PHI,1610612757,POR,1,0,0,,,
22600289,0022600289,reg,2026-11-23,2026-11-24T00:30:00Z,1610612754,IND,1610612760,OKC,1,0,0,,,
22600290,0022600290,reg,2026-11-23,2026-11-24T00:30:00Z,1610612761,TOR,1610612749,MIL,1,0,0,,,
22600291,0022600291,reg,2026-11-23,2026-11-24T00:30:00Z,1610612750,MIN,1610612751,BKN,1,0,0,,,
22600292,0022600292,reg,2026-11-23,2026-11-24T01:00:00Z,1610612741,CHI,1610612739,CLE,1,0,0,,,
22600293,0022600293,reg,2026-11-23,2026-11-24T01:00:00Z,1610612740,NOP,1610612756,PHX,1,0,0,,,
22600294,0022600294,reg,2026-11-23,2026-11-24T01:30:00Z,1610612745,HOU,1610612746,LAC,1,0,0,,,
22600295,0022600295,reg,2026-11-23,2026-11-24T03:00:00Z,1610612747,LAL,1610612762,UTA,1,0,0,,,
22600296,0022600296,reg,2026-11-23,2026-11-24T03:00:00Z,1610612758,SAC,1610612759,SAS,1,0,0,,,
22600052,0022600052,reg,2026-11-24,2026-11-25T00:00:00Z,1610612753,ORL,1610612765,DET,1,0,0,Emirates NBA Cup,East Group A,in-season
22600053,0022600053,reg,2026-11-24,2026-11-25T01:00:00Z,1610612764,WAS,1610612738,BOS,1,0,0,Emirates NBA Cup,East Group C,in-season
22600054,0022600054,reg,2026-11-24,2026-11-25T03:00:00Z,1610612743,DEN,1610612742,DAL,1,0,0,Emirates NBA Cup,West Group A,in-season
22600055,0022600055,reg,2026-11-25,2026-11-25T22:00:00Z,1610612755,PHI,1610612748,MIA,1,0,0,Emirates NBA Cup,East Group B,in-season
22600056,0022600056,reg,2026-11-25,2026-11-26T00:00:00Z,1610612766,CHA,1610612741,CHI,1,0,0,Emirates NBA Cup,East Group C,in-season
22600057,0022600057,reg,2026-11-25,2026-11-26T00:30:00Z,1610612752,NYK,1610612739,CLE,1,0,0,Emirates NBA Cup,East Group B,in-season
22600058,0022600058,reg,2026-11-25,2026-11-26T00:30:00Z,1610612760,OKC,1610612750,MIN,1,0,0,Emirates NBA Cup,West Group B,in-season
22600059,0022600059,reg,2026-11-25,2026-11-26T01:00:00Z,1610612763,MEM,1610612746,LAC,1,0,0,Emirates NBA Cup,West Group B,in-season
22600060,0022600060,reg,2026-11-25,2026-11-26T01:00:00Z,1610612749,MIL,1610612751,BKN,1,0,0,Emirates NBA Cup,East Group A,in-season
22600061,0022600061,reg,2026-11-25,2026-11-26T01:30:00Z,1610612745,HOU,1610612756,PHX,1,0,0,Emirates NBA Cup,West Group A,in-season
22600062,0022600062,reg,2026-11-25,2026-11-26T03:00:00Z,1610612744,GSW,1610612758,SAC,1,0,0,Emirates NBA Cup,West Group C,in-season
22600063,0022600063,reg,2026-11-25,2026-11-26T03:00:00Z,1610612757,POR,1610612759,SAS,1,0,0,Emirates NBA Cup,West Group C,in-season
22600064,0022600064,reg,2026-11-27,2026-11-28T00:00:00Z,1610612752,NYK,1610612748,MIA,1,0,0,Emirates NBA Cup,East Group B,in-season
22600065,0022600065,reg,2026-11-27,2026-11-28T00:30:00Z,1610612765,DET,1610612749,MIL,1,0,0,Emirates NBA Cup,East Group A,in-season
22600066,0022600066,reg,2026-11-27,2026-11-28T00:30:00Z,1610612754,IND,1610612755,PHI,1,0,0,Emirates NBA Cup,East Group B,in-season
22600067,0022600067,reg,2026-11-27,2026-11-28T00:30:00Z,1610612761,TOR,1610612751,BKN,1,0,0,Emirates NBA Cup,East Group A,in-season
22600068,0022600068,reg,2026-11-27,2026-11-28T01:00:00Z,1610612738,BOS,1610612737,ATL,1,0,0,Emirates NBA Cup,East Group C,in-season
22600069,0022600069,reg,2026-11-27,2026-11-28T01:30:00Z,1610612750,MIN,1610612763,MEM,1,0,0,Emirates NBA Cup,West Group B,in-season
22600070,0022600070,reg,2026-11-27,2026-11-28T02:00:00Z,1610612756,PHX,1610612742,DAL,1,0,0,Emirates NBA Cup,West Group A,in-season
22600071,0022600071,reg,2026-11-27,2026-11-28T02:30:00Z,1610612759,SAS,1610612747,LAL,1,0,0,Emirates NBA Cup,West Group C,in-season
22600072,0022600072,reg,2026-11-27,2026-11-28T02:30:00Z,1610612762,UTA,1610612743,DEN,1,0,0,Emirates NBA Cup,West Group A,in-season
22600073,0022600073,reg,2026-11-27,2026-11-28T02:30:00Z,1610612746,LAC,1610612740,NOP,1,0,0,Emirates NBA Cup,West Group B,in-season
22600074,0022600074,reg,2026-11-27,2026-11-28T02:30:00Z,1610612757,POR,1610612744,GSW,1,0,0,Emirates NBA Cup,West Group C,in-season
22600297,0022600297,reg,2026-11-28,2026-11-28T22:00:00Z,1610612764,WAS,1610612753,ORL,1,0,0,,,
22600298,0022600298,reg,2026-11-28,2026-11-28T23:00:00Z,1610612766,CHA,1610612751,BKN,1,0,0,,,
22600299,0022600299,reg,2026-11-28,2026-11-29T01:00:00Z,1610612741,CHI,1610612754,IND,1,0,0,,,
22600300,0022600300,reg,2026-11-28,2026-11-29T01:00:00Z,1610612749,MIL,1610612760,OKC,1,0,0,,,
22600301,0022600301,reg,2026-11-28,2026-11-29T01:30:00Z,1610612745,HOU,1610612755,PHI,1,0,0,,,
22600302,0022600302,reg,2026-11-29,2026-11-29T21:00:00Z,1610612763,MEM,1610612747,LAL,1,0,0,,,
22600303,0022600303,reg,2026-11-29,2026-11-29T21:00:00Z,1610612759,SAS,1610612738,BOS,1,0,0,,,
22600304,0022600304,reg,2026-11-29,2026-11-29T22:00:00Z,1610612762,UTA,1610612756,PHX,1,0,0,,,
22600305,0022600305,reg,2026-11-29,2026-11-29T23:00:00Z,1610612739,CLE,1610612748,MIA,1,0,0,,,
22600306,0022600306,reg,2026-11-29,2026-11-29T23:00:00Z,1610612765,DET,1610612753,ORL,1,0,0,,,
22600307,0022600307,reg,2026-11-29,2026-11-29T23:00:00Z,1610612752,NYK,1610612737,ATL,1,0,0,,,
22600308,0022600308,reg,2026-11-29,2026-11-29T23:00:00Z,1610612761,TOR,1610612743,DEN,1,0,0,,,
22600309,0022600309,reg,2026-11-29,2026-11-29T23:00:00Z,1610612757,POR,1610612740,NOP,1,0,0,,,
22600310,0022600310,reg,2026-11-29,2026-11-30T01:30:00Z,1610612744,GSW,1610612746,LAC,1,0,0,,,
22600311,0022600311,reg,2026-11-29,2026-11-30T02:00:00Z,1610612758,SAC,1610612750,MIN,1,0,0,,,
22600312,0022600312,reg,2026-11-30,2026-12-01T00:00:00Z,1610612766,CHA,1610612764,WAS,1,0,0,,,
22600313,0022600313,reg,2026-11-30,2026-12-01T00:00:00Z,1610612765,DET,1610612743,DEN,1,0,0,,,
22600314,0022600314,reg,2026-11-30,2026-12-01T00:30:00Z,1610612751,BKN,1610612760,OKC,1,0,0,,,
22600315,0022600315,reg,2026-11-30,2026-12-01T00:30:00Z,1610612745,HOU,1610612747,LAL,1,0,0,,,
22600316,0022600316,reg,2026-11-30,2026-12-01T01:00:00Z,1610612742,DAL,1610612738,BOS,1,0,0,,,
22600317,0022600317,reg,2026-11-30,2026-12-01T01:00:00Z,1610612749,MIL,1610612759,SAS,1,0,0,,,
22600318,0022600318,reg,2026-11-30,2026-12-01T03:00:00Z,1610612758,SAC,1610612740,NOP,1,0,0,,,
22600319,0022600319,reg,2026-12-01,2026-12-02T00:00:00Z,1610612739,CLE,1610612754,IND,1,0,0,,,
22600320,0022600320,reg,2026-12-01,2026-12-02T00:00:00Z,1610612755,PHI,1610612763,MEM,1,0,0,,,
22600321,0022600321,reg,2026-12-01,2026-12-02T00:30:00Z,1610612748,MIA,1610612737,ATL,1,0,0,,,
22600322,0022600322,reg,2026-12-01,2026-12-02T01:00:00Z,1610612741,CHI,1610612752,NYK,1,0,0,,,
22600323,0022600323,reg,2026-12-01,2026-12-02T01:30:00Z,1610612745,HOU,1610612761,TOR,1,0,0,,,
22600324,0022600324,reg,2026-12-01,2026-12-02T02:00:00Z,1610612756,PHX,1610612746,LAC,1,0,0,,,
22600325,0022600325,reg,2026-12-01,2026-12-02T03:00:00Z,1610612757,POR,1610612750,MIN,1,0,0,,,
22600326,0022600326,reg,2026-12-01,2026-12-02T04:00:00Z,1610612744,GSW,1610612762,UTA,1,0,0,,,
22600327,0022600327,reg,2026-12-02,2026-12-03T00:00:00Z,1610612765,DET,1610612763,MEM,1,0,0,,,
22600328,0022600328,reg,2026-12-02,2026-12-03T00:00:00Z,1610612755,PHI,1610612743,DEN,1,0,0,,,
22600329,0022600329,reg,2026-12-02,2026-12-03T00:30:00Z,1610612738,BOS,1610612766,CHA,1,0,0,,,
22600330,0022600330,reg,2026-12-02,2026-12-03T01:00:00Z,1610612742,DAL,1610612753,ORL,1,0,0,,,
22600331,0022600331,reg,2026-12-02,2026-12-03T01:00:00Z,1610612749,MIL,1610612752,NYK,1,0,0,,,
22600332,0022600332,reg,2026-12-02,2026-12-03T01:00:00Z,1610612740,NOP,1610612747,LAL,1,0,0,,,
22600333,0022600333,reg,2026-12-02,2026-12-03T01:00:00Z,1610612760,OKC,1610612751,BKN,1,0,0,,,
22600334,0022600334,reg,2026-12-02,2026-12-03T02:00:00Z,1610612756,PHX,1610612758,SAC,1,0,0,,,
22600335,0022600335,reg,2026-12-02,2026-12-03T03:30:00Z,1610612746,LAC,1610612750,MIN,1,0,0,,,
22600336,0022600336,reg,2026-12-03,2026-12-04T00:00:00Z,1610612737,ATL,1610612754,IND,1,0,0,,,
22600337,0022600337,reg,2026-12-03,2026-12-04T00:30:00Z,1610612748,MIA,1610612764,WAS,1,0,0,,,
22600338,0022600338,reg,2026-12-03,2026-12-04T01:00:00Z,1610612741,CHI,1610612739,CLE,1,0,0,,,
22600339,0022600339,reg,2026-12-03,2026-12-04T01:00:00Z,1610612759,SAS,1610612761,TOR,1,0,0,,,
22600340,0022600340,reg,2026-12-03,2026-12-04T03:00:00Z,1610612757,POR,1610612762,UTA,1,0,0,,,
22601201,0022601201,reg,2026-12-04,2026-12-04T05:00:00Z,0,,0,,1,0,0,Emirates NBA Cup,Quarterfinal,in-season-knockout
22601202,0022601202,reg,2026-12-04,2026-12-04T05:00:00Z,0,,0,,1,0,0,Emirates NBA Cup,Quarterfinal,in-season-knockout
22601203,0022601203,reg,2026-12-05,2026-12-05T05:00:00Z,0,,0,,1,0,0,Emirates NBA Cup,Quarterfinal,in-season-knockout
22601204,0022601204,reg,2026-12-05,2026-12-05T05:00:00Z,0,,0,,1,0,0,Emirates NBA Cup,Quarterfinal,in-season-knockout
22601229,0022601229,reg,2026-12-08,2026-12-08T05:00:00Z,0,,0,,1,0,0,Emirates NBA Cup,Semifinal,in-season-knockout
22601230,0022601230,reg,2026-12-08,2026-12-08T05:00:00Z,0,,0,,1,0,0,Emirates NBA Cup,Semifinal,in-season-knockout
62600001,0062600001,cup,2026-12-11,2026-12-11T05:00:00Z,0,,0,,1,0,0,Emirates NBA Cup,Championship,in-season-knockout
22600341,0022600341,reg,2026-12-12,2026-12-12T22:00:00Z,1610612763,MEM,1610612749,MIL,1,0,0,,,
22600342,0022600342,reg,2026-12-12,2026-12-13T00:00:00Z,1610612764,WAS,1610612766,CHA,1,0,0,,,
22600343,0022600343,reg,2026-12-12,2026-12-13T00:30:00Z,1610612755,PHI,1610612753,ORL,1,0,0,,,
22600344,0022600344,reg,2026-12-12,2026-12-13T01:00:00Z,1610612739,CLE,1610612744,GSW,1,0,0,,,
22600345,0022600345,reg,2026-12-12,2026-12-13T01:30:00Z,1610612748,MIA,1610612752,NYK,1,0,0,,,
22600346,0022600346,reg,2026-12-12,2026-12-13T02:00:00Z,1610612756,PHX,1610612750,MIN,1,0,0,,,
22600347,0022600347,reg,2026-12-12,2026-12-13T02:30:00Z,1610612762,UTA,1610612743,DEN,1,0,0,,,
22600348,0022600348,reg,2026-12-12,2026-12-13T03:00:00Z,1610612757,POR,1610612737,ATL,1,0,0,,,
22600349,0022600349,reg,2026-12-13,2026-12-13T20:00:00Z,1610612751,BKN,1610612738,BOS,1,0,0,,,
22600350,0022600350,reg,2026-12-13,2026-12-13T20:30:00Z,1610612760,OKC,1610612761,TOR,1,0,0,,,
22600351,0022600351,reg,2026-12-13,2026-12-13T22:00:00Z,1610612754,IND,1610612765,DET,1,0,0,,,
22600352,0022600352,reg,2026-12-13,2026-12-13T23:00:00Z,1610612741,CHI,1610612745,HOU,1,0,0,,,
22600353,0022600353,reg,2026-12-13,2026-12-14T00:00:00Z,1610612759,SAS,1610612746,LAC,1,0,0,,,
22600354,0022600354,reg,2026-12-13,2026-12-14T02:00:00Z,1610612758,SAC,1610612740,NOP,1,0,0,,,
22600355,0022600355,reg,2026-12-14,2026-12-15T00:00:00Z,1610612766,CHA,1610612761,TOR,1,0,0,,,
22600356,0022600356,reg,2026-12-14,2026-12-15T00:00:00Z,1610612765,DET,1610612751,BKN,1,0,0,,,
22600357,0022600357,reg,2026-12-14,2026-12-15T00:00:00Z,1610612753,ORL,1610612755,PHI,1,0,0,,,
22600358,0022600358,reg,2026-12-14,2026-12-15T00:30:00Z,1610612738,BOS,1610612764,WAS,1,0,0,,,
22600359,0022600359,reg,2026-12-14,2026-12-15T01:00:00Z,1610612741,CHI,1610612748,MIA,1,0,0,,,
22600360,0022600360,reg,2026-12-14,2026-12-15T01:00:00Z,1610612742,DAL,1610612749,MIL,1,0,0,,,
22600361,0022600361,reg,2026-12-14,2026-12-15T01:00:00Z,1610612763,MEM,1610612744,GSW,1,0,0,,,
22600362,0022600362,reg,2026-12-14,2026-12-15T01:30:00Z,1610612745,HOU,1610612752,NYK,1,0,0,,,
22600363,0022600363,reg,2026-12-14,2026-12-15T02:00:00Z,1610612756,PHX,1610612737,ATL,1,0,0,,,
22600364,0022600364,reg,2026-12-14,2026-12-15T02:00:00Z,1610612762,UTA,1610612750,MIN,1,0,0,,,
22600365,0022600365,reg,2026-12-14,2026-12-15T03:00:00Z,1610612747,LAL,1610612740,NOP,1,0,0,,,
22600366,0022600366,reg,2026-12-15,2026-12-16T01:00:00Z,1610612739,CLE,1610612759,SAS,1,0,0,,,
22600367,0022600367,reg,2026-12-15,2026-12-16T04:00:00Z,1610612757,POR,1610612743,DEN,1,0,0,,,
22600368,0022600368,reg,2026-12-16,2026-12-17T00:00:00Z,1610612738,BOS,1610612764,WAS,1,0,0,,,
22600369,0022600369,reg,2026-12-16,2026-12-17T00:00:00Z,1610612766,CHA,1610612746,LAC,1,0,0,,,
22600370,0022600370,reg,2026-12-16,2026-12-17T00:00:00Z,1610612765,DET,1610612756,PHX,1,0,0,,,
22600371,0022600371,reg,2026-12-16,2026-12-17T00:00:00Z,1610612754,IND,1610612744,GSW,1,0,0,,,
22600372,0022600372,reg,2026-12-16,2026-12-17T00:00:00Z,1610612753,ORL,1610612739,CLE,1,0,0,,,
22600373,0022600373,reg,2026-12-16,2026-12-17T00:30:00Z,1610612751,BKN,1610612742,DAL,1,0,0,,,
22600374,0022600374,reg,2026-12-16,2026-12-17T00:30:00Z,1610612761,TOR,1610612759,SAS,1,0,0,,,
22600375,0022600375,reg,2026-12-16,2026-12-17T01:00:00Z,1610612741,CHI,1610612762,UTA,1,0,0,,,
22600376,0022600376,reg,2026-12-16,2026-12-17T01:00:00Z,1610612763,MEM,1610612748,MIA,1,0,0,,,
22600377,0022600377,reg,2026-12-16,2026-12-17T01:00:00Z,1610612740,NOP,1610612752,NYK,1,0,0,,,
22600378,0022600378,reg,2026-12-16,2026-12-17T01:00:00Z,1610612760,OKC,1610612758,SAC,1,0,0,,,
22600379,0022600379,reg,2026-12-16,2026-12-17T01:30:00Z,1610612745,HOU,1610612749,MIL,1,0,0,,,
22600380,0022600380,reg,2026-12-16,2026-12-17T02:30:00Z,1610612750,MIN,1610612747,LAL,1,0,0,,,
22600381,0022600381,reg,2026-12-17,2026-12-18T00:00:00Z,1610612754,IND,1610612757,POR,1,0,0,,,
22600382,0022600382,reg,2026-12-17,2026-12-18T00:00:00Z,1610612755,PHI,1610612742,DAL,1,0,0,,,
22600383,0022600383,reg,2026-12-17,2026-12-18T02:00:00Z,1610612743,DEN,1610612737,ATL,1,0,0,,,
22600384,0022600384,reg,2026-12-18,2026-12-19T00:00:00Z,1610612766,CHA,1610612760,OKC,1,0,0,,,
22600385,0022600385,reg,2026-12-18,2026-12-19T00:00:00Z,1610612748,MIA,1610612746,LAC,1,0,0,,,
22600386,0022600386,reg,2026-12-18,2026-12-19T00:00:00Z,1610612764,WAS,1610612752,NYK,1,0,0,,,
22600387,0022600387,reg,2026-12-18,2026-12-19T00:30:00Z,1610612738,BOS,1610612762,UTA,1,0,0,,,
22600388,0022600388,reg,2026-12-18,2026-12-19T00:30:00Z,1610612751,BKN,1610612753,ORL,1,0,0,,,
22600389,0022600389,reg,2026-12-18,2026-12-19T00:30:00Z,1610612765,DET,1610612739,CLE,1,0,0,,,
22600390,0022600390,reg,2026-12-18,2026-12-19T00:30:00Z,1610612761,TOR,1610612744,GSW,1,0,0,,,
22600391,0022600391,reg,2026-12-18,2026-12-19T01:00:00Z,1610612763,MEM,1610612745,HOU,1,0,0,,,
22600392,0022600392,reg,2026-12-18,2026-12-19T01:00:00Z,1610612749,MIL,1610612756,PHX,1,0,0,,,
22600393,0022600393,reg,2026-12-18,2026-12-19T01:00:00Z,1610612750,MIN,1610612747,LAL,1,0,0,,,
22600394,0022600394,reg,2026-12-18,2026-12-19T01:00:00Z,1610612740,NOP,1610612758,SAC,1,0,0,,,
22600395,0022600395,reg,2026-12-18,2026-12-19T01:00:00Z,1610612759,SAS,1610612741,CHI,1,0,0,,,
22600396,0022600396,reg,2026-12-19,2026-12-19T23:00:00Z,1610612766,CHA,1610612757,POR,1,0,0,,,
22600397,0022600397,reg,2026-12-19,2026-12-20T00:00:00Z,1610612737,ATL,1610612753,ORL,1,0,0,,,
22600398,0022600398,reg,2026-12-19,2026-12-20T01:00:00Z,1610612742,DAL,1610612741,CHI,1,0,0,,,
22600399,0022600399,reg,2026-12-19,2026-12-20T02:00:00Z,1610612743,DEN,1610612747,LAL,1,0,0,,,
22600400,0022600400,reg,2026-12-20,2026-12-20T20:00:00Z,1610612751,BKN,1610612764,WAS,1,0,0,,,
22600401,0022600401,reg,2026-12-20,2026-12-20T20:30:00Z,1610612761,TOR,1610612745,HOU,1,0,0,,,
22600402,0022600402,reg,2026-12-20,2026-12-20T21:00:00Z,1610612763,MEM,1610612756,PHX,1,0,0,,,
22600403,0022600403,reg,2026-12-20,2026-12-20T23:00:00Z,1610612739,CLE,1610612762,UTA,1,0,0,,,
22600404,0022600404,reg,2026-12-20,2026-12-20T23:00:00Z,1610612748,MIA,1610612758,SAC,1,0,0,,,
22600405,0022600405,reg,2026-12-20,2026-12-21T00:00:00Z,1610612737,ATL,1610612760,OKC,1,0,0,,,
22600406,0022600406,reg,2026-12-20,2026-12-21T00:00:00Z,1610612740,NOP,1610612759,SAS,1,0,0,,,
22600407,0022600407,reg,2026-12-20,2026-12-21T01:00:00Z,1610612738,BOS,1610612765,DET,1,0,0,,,
22600408,0022600408,reg,2026-12-20,2026-12-21T01:00:00Z,1610612749,MIL,1610612744,GSW,1,0,0,,,
22600409,0022600409,reg,2026-12-20,2026-12-21T03:00:00Z,1610612746,LAC,1610612754,IND,1,0,0,,,
22600410,0022600410,reg,2026-12-21,2026-12-22T00:00:00Z,1610612766,CHA,1610612755,PHI,1,0,0,,,
22600411,0022600411,reg,2026-12-21,2026-12-22T00:00:00Z,1610612739,CLE,1610612752,NYK,1,0,0,,,
22600412,0022600412,reg,2026-12-21,2026-12-22T00:00:00Z,1610612753,ORL,1610612758,SAC,1,0,0,,,
22600413,0022600413,reg,2026-12-21,2026-12-22T00:30:00Z,1610612751,BKN,1610612757,POR,1,0,0,,,
22600414,0022600414,reg,2026-12-21,2026-12-22T00:30:00Z,1610612748,MIA,1610612741,CHI,1,0,0,,,
22600415,0022600415,reg,2026-12-21,2026-12-22T01:00:00Z,1610612750,MIN,1610612756,PHX,1,0,0,,,
22600416,0022600416,reg,2026-12-21,2026-12-22T01:00:00Z,1610612740,NOP,1610612763,MEM,1,0,0,,,
22600417,0022600417,reg,2026-12-21,2026-12-22T01:00:00Z,1610612759,SAS,1610612749,MIL,1,0,0,,,
22600418,0022600418,reg,2026-12-21,2026-12-22T03:00:00Z,1610612747,LAL,1610612754,IND,1,0,0,,,
22600419,0022600419,reg,2026-12-21,2026-12-22T03:30:00Z,1610612746,LAC,1610612743,DEN,1,0,0,,,
22600420,0022600420,reg,2026-12-22,2026-12-23T00:00:00Z,1610612764,WAS,1610612761,TOR,1,0,0,,,
22600421,0022600421,reg,2026-12-22,2026-12-23T01:00:00Z,1610612760,OKC,1610612765,DET,1,0,0,,,
22600422,0022600422,reg,2026-12-22,2026-12-23T03:30:00Z,1610612744,GSW,1610612742,DAL,1,0,0,,,
22600423,0022600423,reg,2026-12-23,2026-12-24T00:00:00Z,1610612737,ATL,1610612765,DET,1,0,0,,,
22600424,0022600424,reg,2026-12-23,2026-12-24T00:00:00Z,1610612753,ORL,1610612766,CHA,1,0,0,,,
22600425,0022600425,reg,2026-12-23,2026-12-24T00:00:00Z,1610612764,WAS,1610612739,CLE,1,0,0,,,
22600426,0022600426,reg,2026-12-23,2026-12-24T00:30:00Z,1610612738,BOS,1610612757,POR,1,0,0,,,
22600427,0022600427,reg,2026-12-23,2026-12-24T00:30:00Z,1610612751,BKN,1610612759,SAS,1,0,0,,,
22600428,0022600428,reg,2026-12-23,2026-12-24T00:30:00Z,1610612748,MIA,1610612741,CHI,1,0,0,,,
22600429,0022600429,reg,2026-12-23,2026-12-24T00:30:00Z,1610612752,NYK,1610612762,UTA,1,0,0,,,
22600430,0022600430,reg,2026-12-23,2026-12-24T00:30:00Z,1610612755,PHI,1610612745,HOU,1,0,0,,,
22600431,0022600431,reg,2026-12-23,2026-12-24T01:00:00Z,1610612763,MEM,1610612761,TOR,1,0,0,,,
22600432,0022600432,reg,2026-12-23,2026-12-24T01:00:00Z,1610612749,MIL,1610612750,MIN,1,0,0,,,
22600433,0022600433,reg,2026-12-23,2026-12-24T01:00:00Z,1610612740,NOP,1610612760,OKC,1,0,0,,,
22600434,0022600434,reg,2026-12-23,2026-12-24T02:00:00Z,1610612756,PHX,1610612754,IND,1,0,0,,,
22600435,0022600435,reg,2026-12-23,2026-12-24T03:00:00Z,1610612747,LAL,1610612743,DEN,1,0,0,,,
22600436,0022600436,reg,2026-12-23,2026-12-24T03:00:00Z,1610612758,SAC,1610612742,DAL,1,0,0,,,
22600437,0022600437,reg,2026-12-23,2026-12-24T03:30:00Z,1610612746,LAC,1610612744,GSW,1,0,0,,,
22600010,0022600010,reg,2026-12-25,2026-12-25T17:00:00Z,1610612752,NYK,1610612759,SAS,1,0,0,,,
22600011,0022600011,reg,2026-12-25,2026-12-25T19:30:00Z,1610612738,BOS,1610612748,MIA,1,0,0,,,
22600012,0022600012,reg,2026-12-25,2026-12-25T22:00:00Z,1610612747,LAL,1610612755,PHI,1,0,0,,,
22600013,0022600013,reg,2026-12-25,2026-12-26T01:00:00Z,1610612750,MIN,1610612760,OKC,1,0,0,,,
22600014,0022600014,reg,2026-12-25,2026-12-26T03:30:00Z,1610612744,GSW,1610612743,DEN,1,0,0,,,
22600438,0022600438,reg,2026-12-26,2026-12-26T18:00:00Z,1610612764,WAS,1610612757,POR,1,0,0,,,
22600439,0022600439,reg,2026-12-26,2026-12-26T20:30:00Z,1610612737,ATL,1610612766,CHA,1,0,0,,,
22600440,0022600440,reg,2026-12-26,2026-12-26T22:00:00Z,1610612762,UTA,1610612754,IND,1,0,0,,,
22600441,0022600441,reg,2026-12-26,2026-12-26T23:00:00Z,1610612751,BKN,1610612740,NOP,1,0,0,,,
22600442,0022600442,reg,2026-12-26,2026-12-27T00:00:00Z,1610612753,ORL,1610612761,TOR,1,0,0,,,
22600443,0022600443,reg,2026-12-26,2026-12-27T01:00:00Z,1610612741,CHI,1610612765,DET,1,0,0,,,
22600444,0022600444,reg,2026-12-26,2026-12-27T01:00:00Z,1610612742,DAL,1610612756,PHX,1,0,0,,,
22600445,0022600445,reg,2026-12-26,2026-12-27T03:30:00Z,1610612746,LAC,1610612763,MEM,1,0,0,,,
22600446,0022600446,reg,2026-12-27,2026-12-27T20:30:00Z,1610612745,HOU,1610612760,OKC,1,0,0,,,
22600447,0022600447,reg,2026-12-27,2026-12-27T23:00:00Z,1610612739,CLE,1610612764,WAS,1,0,0,,,
22600448,0022600448,reg,2026-12-27,2026-12-27T23:00:00Z,1610612748,MIA,1610612766,CHA,1,0,0,,,
22600449,0022600449,reg,2026-12-27,2026-12-27T23:00:00Z,1610612752,NYK,1610612751,BKN,1,0,0,,,
22600450,0022600450,reg,2026-12-27,2026-12-27T23:00:00Z,1610612753,ORL,1610612749,MIL,1,0,0,,,
22600451,0022600451,reg,2026-12-27,2026-12-27T23:00:00Z,1610612758,SAC,1610612762,UTA,1,0,0,,,
22600452,0022600452,reg,2026-12-27,2026-12-28T00:00:00Z,1610612765,DET,1610612757,POR,1,0,0,,,
22600453,0022600453,reg,2026-12-27,2026-12-28T00:00:00Z,1610612759,SAS,1610612737,ATL,1,0,0,,,
22600454,0022600454,reg,2026-12-27,2026-12-28T01:00:00Z,1610612743,DEN,1610612754,IND,1,0,0,,,
22600455,0022600455,reg,2026-12-27,2026-12-28T01:30:00Z,1610612744,GSW,1610612750,MIN,1,0,0,,,
22600456,0022600456,reg,2026-12-27,2026-12-28T02:00:00Z,1610612746,LAC,1610612755,PHI,1,0,0,,,
22600457,0022600457,reg,2026-12-27,2026-12-28T02:00:00Z,1610612747,LAL,1610612763,MEM,1,0,0,,,
22600458,0022600458,reg,2026-12-28,2026-12-29T00:30:00Z,1610612761,TOR,1610612740,NOP,1,0,0,,,
22600459,0022600459,reg,2026-12-28,2026-12-29T01:00:00Z,1610612738,BOS,1610612739,CLE,1,0,0,,,
22600460,0022600460,reg,2026-12-28,2026-12-29T02:00:00Z,1610612756,PHX,1610612744,GSW,1,0,0,,,
22600461,0022600461,reg,2026-12-28,2026-12-29T03:30:00Z,1610612743,DEN,1610612750,MIN,1,0,0,,,
22600462,0022600462,reg,2026-12-29,2026-12-30T00:00:00Z,1610612737,ATL,1610612741,CHI,1,0,0,,,
22600463,0022600463,reg,2026-12-29,2026-12-30T00:00:00Z,1610612766,CHA,1610612753,ORL,1,0,0,,,
22600464,0022600464,reg,2026-12-29,2026-12-30T00:00:00Z,1610612754,IND,1610612746,LAC,1,0,0,,,
22600465,0022600465,reg,2026-12-29,2026-12-30T01:00:00Z,1610612742,DAL,1610612748,MIA,1,0,0,,,
22600466,0022600466,reg,2026-12-29,2026-12-30T01:00:00Z,1610612763,MEM,1610612759,SAS,1,0,0,,,
22600467,0022600467,reg,2026-12-29,2026-12-30T01:00:00Z,1610612760,OKC,1610612749,MIL,1,0,0,,,
22600468,0022600468,reg,2026-12-29,2026-12-30T03:00:00Z,1610612757,POR,1610612751,BKN,1,0,0,,,
22600469,0022600469,reg,2026-12-29,2026-12-30T03:00:00Z,1610612758,SAC,1610612755,PHI,1,0,0,,,
22600470,0022600470,reg,2026-12-29,2026-12-30T03:30:00Z,1610612747,LAL,1610612745,HOU,1,0,0,,,
22600471,0022600471,reg,2026-12-30,2026-12-31T00:00:00Z,1610612765,DET,1610612740,NOP,1,0,0,,,
22600472,0022600472,reg,2026-12-30,2026-12-31T00:30:00Z,1610612761,TOR,1610612764,WAS,1,0,0,,,
22600473,0022600473,reg,2026-12-30,2026-12-31T01:00:00Z,1610612741,CHI,1610612738,BOS,1,0,0,,,
22600474,0022600474,reg,2026-12-30,2026-12-31T02:00:00Z,1610612756,PHX,1610612755,PHI,1,0,0,,,
22600475,0022600475,reg,2026-12-30,2026-12-31T02:00:00Z,1610612762,UTA,1610612752,NYK,1,0,0,,,
22600476,0022600476,reg,2026-12-30,2026-12-31T03:00:00Z,1610612744,GSW,1610612745,HOU,1,0,0,,,
22600477,0022600477,reg,2026-12-31,2026-12-31T18:00:00Z,1610612766,CHA,1610612759,SAS,1,0,0,,,
22600478,0022600478,reg,2026-12-31,2026-12-31T20:00:00Z,1610612737,ATL,1610612749,MIL,1,0,0,,,
22600479,0022600479,reg,2026-12-31,2026-12-31T20:00:00Z,1610612739,CLE,1610612746,LAC,1,0,0,,,
22600480,0022600480,reg,2026-12-31,2026-12-31T20:00:00Z,1610612754,IND,1610612753,ORL,1,0,0,,,
22600481,0022600481,reg,2026-12-31,2026-12-31T21:00:00Z,1610612750,MIN,1610612743,DEN,1,0,0,,,
22600482,0022600482,reg,2026-12-31,2026-12-31T23:00:00Z,1610612758,SAC,1610612751,BKN,1,0,0,,,
22600483,0022600483,reg,2026-12-31,2027-01-01T01:00:00Z,1610612740,NOP,1610612747,LAL,1,0,0,,,
22600484,0022600484,reg,2026-12-31,2027-01-01T01:00:00Z,1610612760,OKC,1610612748,MIA,1,0,0,,,
22600485,0022600485,reg,2026-12-31,2027-01-01T02:00:00Z,1610612756,PHX,1610612752,NYK,1,0,0,,,
22600486,0022600486,reg,2027-01-01,2027-01-01T22:00:00Z,1610612764,WAS,1610612759,SAS,1,0,0,,,
22600487,0022600487,reg,2027-01-01,2027-01-02T00:30:00Z,1610612765,DET,1610612753,ORL,1,0,0,,,
22600488,0022600488,reg,2027-01-01,2027-01-02T00:30:00Z,1610612761,TOR,1610612746,LAC,1,0,0,,,
22600489,0022600489,reg,2027-01-01,2027-01-02T01:00:00Z,1610612749,MIL,1610612755,PHI,1,0,0,,,
22600490,0022600490,reg,2027-01-01,2027-01-02T01:30:00Z,1610612745,HOU,1610612742,DAL,1,0,0,,,
22600491,0022600491,reg,2027-01-01,2027-01-02T02:30:00Z,1610612762,UTA,1610612738,BOS,1,0,0,,,
22600492,0022600492,reg,2027-01-02,2027-01-02T18:00:00Z,1610612766,CHA,1610612739,CLE,1,0,0,,,
22600493,0022600493,reg,2027-01-02,2027-01-02T22:00:00Z,1610612743,DEN,1610612752,NYK,1,0,0,,,
22600494,0022600494,reg,2027-01-02,2027-01-03T00:00:00Z,1610612754,IND,1610612750,MIN,1,0,0,,,
22600495,0022600495,reg,2027-01-02,2027-01-03T00:00:00Z,1610612740,NOP,1610612748,MIA,1,0,0,,,
22600496,0022600496,reg,2027-01-02,2027-01-03T00:30:00Z,1610612737,ATL,1610612742,DAL,1,0,0,,,
22600497,0022600497,reg,2027-01-02,2027-01-03T01:00:00Z,1610612741,CHI,1610612747,LAL,1,0,0,,,
22600498,0022600498,reg,2027-01-02,2027-01-03T01:00:00Z,1610612760,OKC,1610612762,UTA,1,0,0,,,
22600499,0022600499,reg,2027-01-02,2027-01-03T01:30:00Z,1610612744,GSW,1610612751,BKN,1,0,0,,,
22600500,0022600500,reg,2027-01-02,2027-01-03T02:00:00Z,1610612756,PHX,1610612758,SAC,1,0,0,,,
22600501,0022600501,reg,2027-01-02,2027-01-03T03:00:00Z,1610612757,POR,1610612738,BOS,1,0,0,,,
22600502,0022600502,reg,2027-01-03,2027-01-03T22:00:00Z,1610612743,DEN,1610612765,DET,1,0,0,,,
22600503,0022600503,reg,2027-01-03,2027-01-03T22:30:00Z,1610612749,MIL,1610612766,CHA,1,0,0,,,
22600504,0022600504,reg,2027-01-03,2027-01-03T23:00:00Z,1610612753,ORL,1610612763,MEM,1,0,0,,,
22600505,0022600505,reg,2027-01-03,2027-01-04T00:00:00Z,1610612761,TOR,1610612747,LAL,1,0,0,,,
22600506,0022600506,reg,2027-01-03,2027-01-04T00:00:00Z,1610612764,WAS,1610612746,LAC,1,0,0,,,
22600507,0022600507,reg,2027-01-03,2027-01-04T00:00:00Z,1610612745,HOU,1610612739,CLE,1,0,0,,,
22600508,0022600508,reg,2027-01-03,2027-01-04T00:00:00Z,1610612750,MIN,1610612759,SAS,1,0,0,,,
22600509,0022600509,reg,2027-01-03,2027-01-04T01:00:00Z,1610612760,OKC,1610612758,SAC,1,0,0,,,
22600510,0022600510,reg,2027-01-04,2027-01-05T00:00:00Z,1610612754,IND,1610612741,CHI,1,0,0,,,
22600511,0022600511,reg,2027-01-04,2027-01-05T00:00:00Z,1610612755,PHI,1610612737,ATL,1,0,0,,,
22600512,0022600512,reg,2027-01-04,2027-01-05T01:00:00Z,1610612740,NOP,1610612742,DAL,1,0,0,,,
22600513,0022600513,reg,2027-01-04,2027-01-05T02:00:00Z,1610612756,PHX,1610612738,BOS,1,0,0,,,
22600514,0022600514,reg,2027-01-04,2027-01-05T02:00:00Z,1610612762,UTA,1610612751,BKN,1,0,0,,,
22600515,0022600515,reg,2027-01-04,2027-01-05T03:00:00Z,1610612757,POR,1610612752,NYK,1,0,0,,,
22600516,0022600516,reg,2027-01-05,2027-01-06T00:00:00Z,1610612766,CHA,1610612737,ATL,1,0,0,,,
22600517,0022600517,reg,2027-01-05,2027-01-06T00:00:00Z,1610612739,CLE,1610612761,TOR,1,0,0,,,
22600518,0022600518,reg,2027-01-05,2027-01-06T00:00:00Z,1610612753,ORL,1610612746,LAC,1,0,0,,,
22600519,0022600519,reg,2027-01-05,2027-01-06T00:00:00Z,1610612764,WAS,1610612747,LAL,1,0,0,,,
22600520,0022600520,reg,2027-01-05,2027-01-06T00:30:00Z,1610612748,MIA,1610612763,MEM,1,0,0,,,
22600521,0022600521,reg,2027-01-05,2027-01-06T01:00:00Z,1610612741,CHI,1610612749,MIL,1,0,0,,,
22600522,0022600522,reg,2027-01-05,2027-01-06T01:00:00Z,1610612745,HOU,1610612750,MIN,1,0,0,,,
22600523,0022600523,reg,2027-01-05,2027-01-06T03:00:00Z,1610612743,DEN,1610612756,PHX,1,0,0,,,
22600524,0022600524,reg,2027-01-05,2027-01-06T03:00:00Z,1610612758,SAC,1610612765,DET,1,0,0,,,
22600525,0022600525,reg,2027-01-06,2027-01-07T00:30:00Z,1610612751,BKN,1610612762,UTA,1,0,0,,,
22600526,0022600526,reg,2027-01-06,2027-01-07T00:30:00Z,1610612755,PHI,1610612760,OKC,1,0,0,,,
22600527,0022600527,reg,2027-01-06,2027-01-07T01:00:00Z,1610612740,NOP,1610612757,POR,1,0,0,,,
22600528,0022600528,reg,2027-01-06,2027-01-07T01:00:00Z,1610612759,SAS,1610612754,IND,1,0,0,,,
22600529,0022600529,reg,2027-01-06,2027-01-07T03:00:00Z,1610612744,GSW,1610612752,NYK,1,0,0,,,
22600530,0022600530,reg,2027-01-07,2027-01-08T00:00:00Z,1610612737,ATL,1610612754,IND,1,0,0,,,
22600531,0022600531,reg,2027-01-07,2027-01-08T00:00:00Z,1610612766,CHA,1610612743,DEN,1,0,0,,,
22600532,0022600532,reg,2027-01-07,2027-01-08T00:00:00Z,1610612753,ORL,1610612739,CLE,1,0,0,,,
22600533,0022600533,reg,2027-01-07,2027-01-08T00:00:00Z,1610612764,WAS,1610612760,OKC,1,0,0,,,
22600534,0022600534,reg,2027-01-07,2027-01-08T00:30:00Z,1610612751,BKN,1610612748,MIA,1,0,0,,,
22600535,0022600535,reg,2027-01-07,2027-01-08T00:30:00Z,1610612761,TOR,1610612750,MIN,1,0,0,,,
22600536,0022600536,reg,2027-01-07,2027-01-08T01:00:00Z,1610612742,DAL,1610612757,POR,1,0,0,,,
22600537,0022600537,reg,2027-01-07,2027-01-08T01:00:00Z,1610612749,MIL,1610612746,LAC,1,0,0,,,
22600538,0022600538,reg,2027-01-07,2027-01-08T01:30:00Z,1610612745,HOU,1610612763,MEM,1,0,0,,,
22600539,0022600539,reg,2027-01-07,2027-01-08T03:00:00Z,1610612744,GSW,1610612765,DET,1,0,0,,,
22600540,0022600540,reg,2027-01-07,2027-01-08T03:00:00Z,1610612747,LAL,1610612738,BOS,1,0,0,,,
22600541,0022600541,reg,2027-01-07,2027-01-08T03:00:00Z,1610612758,SAC,1610612741,CHI,1,0,0,,,
22600542,0022600542,reg,2027-01-08,2027-01-09T00:00:00Z,1610612755,PHI,1610612748,MIA,1,0,0,,,
22600543,0022600543,reg,2027-01-08,2027-01-09T00:00:00Z,1610612764,WAS,1610612750,MIN,1,0,0,,,
22600544,0022600544,reg,2027-01-08,2027-01-09T00:30:00Z,1610612761,TOR,1610612762,UTA,1,0,0,,,
22600545,0022600545,reg,2027-01-08,2027-01-09T01:00:00Z,1610612740,NOP,1610612753,ORL,1,0,0,,,
22600546,0022600546,reg,2027-01-08,2027-01-09T01:00:00Z,1610612759,SAS,1610612763,MEM,1,0,0,,,
22600547,0022600547,reg,2027-01-08,2027-01-09T02:30:00Z,1610612742,DAL,1610612756,PHX,1,0,0,,,
22600548,0022600548,reg,2027-01-08,2027-01-09T03:00:00Z,1610612747,LAL,1610612765,DET,1,0,0,,,
22600549,0022600549,reg,2027-01-08,2027-01-09T03:00:00Z,1610612758,SAC,1610612752,NYK,1,0,0,,,
22600550,0022600550,reg,2027-01-09,2027-01-09T22:00:00Z,1610612739,CLE,1610612743,DEN,1,0,0,,,
22600551,0022600551,reg,2027-01-09,2027-01-09T23:00:00Z,1610612751,BKN,1610612745,HOU,1,0,0,,,
22600552,0022600552,reg,2027-01-09,2027-01-10T00:00:00Z,1610612754,IND,1610612749,MIL,1,0,0,,,
22600553,0022600553,reg,2027-01-09,2027-01-10T01:30:00Z,1610612744,GSW,1610612741,CHI,1,0,0,,,
22600554,0022600554,reg,2027-01-09,2027-01-10T03:00:00Z,1610612757,POR,1610612766,CHA,1,0,0,,,
22600555,0022600555,reg,2027-01-09,2027-01-10T03:30:00Z,1610612746,LAC,1610612738,BOS,1,0,0,,,
22600556,0022600556,reg,2027-01-10,2027-01-10T20:00:00Z,1610612737,ATL,1610612759,SAS,1,0,0,,,
22600557,0022600557,reg,2027-01-10,2027-01-10T23:00:00Z,1610612765,DET,1610612762,UTA,1,0,0,,,
22600558,0022600558,reg,2027-01-10,2027-01-10T23:00:00Z,1610612748,MIA,1610612740,NOP,1,0,0,,,
22600559,0022600559,reg,2027-01-10,2027-01-10T23:00:00Z,1610612753,ORL,1610612760,OKC,1,0,0,,,
22600560,0022600560,reg,2027-01-10,2027-01-10T23:00:00Z,1610612761,TOR,1610612755,PHI,1,0,0,,,
22600561,0022600561,reg,2027-01-10,2027-01-10T23:00:00Z,1610612763,MEM,1610612742,DAL,1,0,0,,,
22600562,0022600562,reg,2027-01-10,2027-01-11T00:00:00Z,1610612756,PHX,1610612741,CHI,1,0,0,,,
22600563,0022600563,reg,2027-01-10,2027-01-11T02:00:00Z,1610612758,SAC,1610612766,CHA,1,0,0,,,
22600564,0022600564,reg,2027-01-11,2027-01-12T00:00:00Z,1610612754,IND,1610612751,BKN,1,0,0,,,
22600565,0022600565,reg,2027-01-11,2027-01-12T00:00:00Z,1610612764,WAS,1610612737,ATL,1,0,0,,,
22600566,0022600566,reg,2027-01-11,2027-01-12T00:30:00Z,1610612738,BOS,1610612745,HOU,1,0,0,,,
22600567,0022600567,reg,2027-01-11,2027-01-12T00:30:00Z,1610612752,NYK,1610612743,DEN,1,0,0,,,
22600568,0022600568,reg,2027-01-11,2027-01-12T01:00:00Z,1610612750,MIN,1610612739,CLE,1,0,0,,,
22600569,0022600569,reg,2027-01-11,2027-01-12T03:00:00Z,1610612746,LAC,1610612747,LAL,1,0,0,,,
22600570,0022600570,reg,2027-01-12,2027-01-13T00:30:00Z,1610612748,MIA,1610612751,BKN,1,0,0,,,
22600571,0022600571,reg,2027-01-12,2027-01-13T00:30:00Z,1610612761,TOR,1610612765,DET,1,0,0,,,
22600572,0022600572,reg,2027-01-12,2027-01-13T01:00:00Z,1610612755,PHI,1610612764,WAS,1,0,0,,,
22600573,0022600573,reg,2027-01-12,2027-01-13T01:00:00Z,1610612763,MEM,1610612742,DAL,1,0,0,,,
22600574,0022600574,reg,2027-01-12,2027-01-13T01:00:00Z,1610612749,MIL,1610612743,DEN,1,0,0,,,
22600575,0022600575,reg,2027-01-12,2027-01-13T02:00:00Z,1610612762,UTA,1610612741,CHI,1,0,0,,,
22600576,0022600576,reg,2027-01-12,2027-01-13T03:00:00Z,1610612757,POR,1610612753,ORL,1,0,0,,,
22600577,0022600577,reg,2027-01-12,2027-01-13T04:00:00Z,1610612744,GSW,1610612758,SAC,1,0,0,,,
22600578,0022600578,reg,2027-01-13,2027-01-14T00:00:00Z,1610612737,ATL,1610612739,CLE,1,0,0,,,
22600579,0022600579,reg,2027-01-13,2027-01-14T00:00:00Z,1610612738,BOS,1610612752,NYK,1,0,0,,,
22600580,0022600580,reg,2027-01-13,2027-01-14T00:00:00Z,1610612754,IND,1610612749,MIL,1,0,0,,,
22600581,0022600581,reg,2027-01-13,2027-01-14T00:30:00Z,1610612761,TOR,1610612756,PHX,1,0,0,,,
22600582,0022600582,reg,2027-01-13,2027-01-14T02:30:00Z,1610612760,OKC,1610612745,HOU,1,0,0,,,
22600583,0022600583,reg,2027-01-13,2027-01-14T03:00:00Z,1610612744,GSW,1610612766,CHA,1,0,0,,,
22600584,0022600584,reg,2027-01-13,2027-01-14T03:00:00Z,1610612757,POR,1610612747,LAL,1,0,0,,,
22600075,0022600075,reg,2027-01-14,2027-01-14T19:00:00Z,1610612759,SAS,1610612740,NOP,1,0,0,NBA Paris Game,,Global Games
22600585,0022600585,reg,2027-01-14,2027-01-15T00:00:00Z,1610612765,DET,1610612742,DAL,1,0,0,,,
22600586,0022600586,reg,2027-01-14,2027-01-15T00:00:00Z,1610612755,PHI,1610612751,BKN,1,0,0,,,
22600587,0022600587,reg,2027-01-14,2027-01-15T00:30:00Z,1610612752,NYK,1610612748,MIA,1,0,0,,,
22600588,0022600588,reg,2027-01-14,2027-01-15T01:00:00Z,1610612741,CHI,1610612750,MIN,1,0,0,,,
22600589,0022600589,reg,2027-01-14,2027-01-15T02:00:00Z,1610612743,DEN,1610612763,MEM,1,0,0,,,
22600590,0022600590,reg,2027-01-14,2027-01-15T02:00:00Z,1610612762,UTA,1610612766,CHA,1,0,0,,,
22600591,0022600591,reg,2027-01-14,2027-01-15T03:00:00Z,1610612747,LAL,1610612753,ORL,1,0,0,,,
22600592,0022600592,reg,2027-01-14,2027-01-15T03:00:00Z,1610612758,SAC,1610612746,LAC,1,0,0,,,
22600593,0022600593,reg,2027-01-15,2027-01-16T00:00:00Z,1610612737,ATL,1610612744,GSW,1,0,0,,,
22600594,0022600594,reg,2027-01-15,2027-01-16T00:00:00Z,1610612754,IND,1610612756,PHX,1,0,0,,,
22600595,0022600595,reg,2027-01-15,2027-01-16T00:30:00Z,1610612761,TOR,1610612748,MIA,1,0,0,,,
22600596,0022600596,reg,2027-01-15,2027-01-16T01:00:00Z,1610612749,MIL,1610612739,CLE,1,0,0,,,
22600597,0022600597,reg,2027-01-15,2027-01-16T01:00:00Z,1610612760,OKC,1610612762,UTA,1,0,0,,,
22600598,0022600598,reg,2027-01-15,2027-01-16T01:30:00Z,1610612745,HOU,1610612764,WAS,1,0,0,,,
22600599,0022600599,reg,2027-01-15,2027-01-16T03:00:00Z,1610612757,POR,1610612758,SAC,1,0,0,,,
22600600,0022600600,reg,2027-01-15,2027-01-16T03:30:00Z,1610612746,LAC,1610612753,ORL,1,0,0,,,
22600601,0022600601,reg,2027-01-16,2027-01-16T17:30:00Z,1610612755,PHI,1610612750,MIN,1,0,0,,,
22600602,0022600602,reg,2027-01-16,2027-01-17T00:00:00Z,1610612738,BOS,1610612751,BKN,1,0,0,,,
22600603,0022600603,reg,2027-01-16,2027-01-17T00:30:00Z,1610612752,NYK,1610612742,DAL,1,0,0,,,
22600604,0022600604,reg,2027-01-16,2027-01-17T01:00:00Z,1610612763,MEM,1610612739,CLE,1,0,0,,,
22600605,0022600605,reg,2027-01-16,2027-01-17T01:30:00Z,1610612745,HOU,1610612765,DET,1,0,0,,,
22600606,0022600606,reg,2027-01-16,2027-01-17T02:00:00Z,1610612743,DEN,1610612766,CHA,1,0,0,,,
22600076,0022600076,reg,2027-01-17,2027-01-17T15:30:00Z,1610612740,NOP,1610612759,SAS,1,0,0,NBA Manchester Game,,Global Games
22600607,0022600607,reg,2027-01-17,2027-01-17T18:00:00Z,1610612764,WAS,1610612754,IND,1,0,0,,,
22600608,0022600608,reg,2027-01-17,2027-01-17T20:30:00Z,1610612741,CHI,1610612761,TOR,1,0,0,,,
22600609,0022600609,reg,2027-01-17,2027-01-17T20:30:00Z,1610612760,OKC,1610612757,POR,1,0,0,,,
22600610,0022600610,reg,2027-01-17,2027-01-17T22:00:00Z,1610612762,UTA,1610612758,SAC,1,0,0,,,
22600611,0022600611,reg,2027-01-17,2027-01-17T23:00:00Z,1610612748,MIA,1610612744,GSW,1,0,0,,,
22600612,0022600612,reg,2027-01-17,2027-01-18T01:00:00Z,1610612743,DEN,1610612753,ORL,1,0,0,,,
22600613,0022600613,reg,2027-01-17,2027-01-18T02:00:00Z,1610612747,LAL,1610612749,MIL,1,0,0,,,
22600077,0022600077,reg,2027-01-18,2027-01-18T17:00:00Z,1610612739,CLE,1610612765,DET,1,0,0,,,
22600078,0022600078,reg,2027-01-18,2027-01-18T19:30:00Z,1610612737,ATL,1610612755,PHI,1,0,0,,,
22600079,0022600079,reg,2027-01-18,2027-01-18T22:00:00Z,1610612752,NYK,1610612750,MIN,1,0,0,,,
22600080,0022600080,reg,2027-01-18,2027-01-19T00:30:00Z,1610612763,MEM,1610612745,HOU,1,0,0,,,
22600614,0022600614,reg,2027-01-18,2027-01-18T20:00:00Z,1610612764,WAS,1610612738,BOS,1,0,0,,,
22600615,0022600615,reg,2027-01-18,2027-01-19T01:00:00Z,1610612742,DAL,1610612760,OKC,1,0,0,,,
22600616,0022600616,reg,2027-01-18,2027-01-19T03:30:00Z,1610612746,LAC,1610612756,PHX,1,0,0,,,
22600617,0022600617,reg,2027-01-19,2027-01-20T00:00:00Z,1610612753,ORL,1610612744,GSW,1,0,0,,,
22600618,0022600618,reg,2027-01-19,2027-01-20T00:00:00Z,1610612755,PHI,1610612754,IND,1,0,0,,,
22600619,0022600619,reg,2027-01-19,2027-01-20T00:00:00Z,1610612761,TOR,1610612741,CHI,1,0,0,,,
22600620,0022600620,reg,2027-01-19,2027-01-20T00:30:00Z,1610612748,MIA,1610612757,POR,1,0,0,,,
22600621,0022600621,reg,2027-01-19,2027-01-20T01:00:00Z,1610612742,DAL,1610612766,CHA,1,0,0,,,
22600622,0022600622,reg,2027-01-19,2027-01-20T03:00:00Z,1610612743,DEN,1610612762,UTA,1,0,0,,,
22600623,0022600623,reg,2027-01-19,2027-01-20T03:00:00Z,1610612758,SAC,1610612747,LAL,1,0,0,,,
22600624,0022600624,reg,2027-01-20,2027-01-21T00:00:00Z,1610612737,ATL,1610612757,POR,1,0,0,,,
22600625,0022600625,reg,2027-01-20,2027-01-21T00:00:00Z,1610612751,BKN,1610612741,CHI,1,0,0,,,
22600626,0022600626,reg,2027-01-20,2027-01-21T00:30:00Z,1610612738,BOS,1610612754,IND,1,0,0,,,
22600627,0022600627,reg,2027-01-20,2027-01-21T00:30:00Z,1610612752,NYK,1610612761,TOR,1,0,0,,,
22600628,0022600628,reg,2027-01-20,2027-01-21T01:00:00Z,1610612750,MIN,1610612745,HOU,1,0,0,,,
22600629,0022600629,reg,2027-01-20,2027-01-21T01:00:00Z,1610612740,NOP,1610612760,OKC,1,0,0,,,
22600630,0022600630,reg,2027-01-20,2027-01-21T02:00:00Z,1610612756,PHX,1610612763,MEM,1,0,0,,,
22600631,0022600631,reg,2027-01-20,2027-01-21T02:00:00Z,1610612762,UTA,1610612746,LAC,1,0,0,,,
22600632,0022600632,reg,2027-01-20,2027-01-21T02:30:00Z,1610612759,SAS,1610612748,MIA,1,0,0,,,
22600633,0022600633,reg,2027-01-20,2027-01-21T03:00:00Z,1610612758,SAC,1610612749,MIL,1,0,0,,,
22600634,0022600634,reg,2027-01-21,2027-01-22T00:30:00Z,1610612738,BOS,1610612755,PHI,1,0,0,,,
22600635,0022600635,reg,2027-01-21,2027-01-22T00:30:00Z,1610612751,BKN,1610612739,CLE,1,0,0,,,
22600636,0022600636,reg,2027-01-21,2027-01-22T02:00:00Z,1610612743,DEN,1610612764,WAS,1,0,0,,,
22600637,0022600637,reg,2027-01-21,2027-01-22T03:00:00Z,1610612744,GSW,1610612747,LAL,1,0,0,,,
22600638,0022600638,reg,2027-01-22,2027-01-23T00:00:00Z,1610612737,ATL,1610612752,NYK,1,0,0,,,
22600639,0022600639,reg,2027-01-22,2027-01-23T00:00:00Z,1610612766,CHA,1610612745,HOU,1,0,0,,,
22600640,0022600640,reg,2027-01-22,2027-01-23T00:00:00Z,1610612753,ORL,1610612757,POR,1,0,0,,,
22600641,0022600641,reg,2027-01-22,2027-01-23T00:30:00Z,1610612765,DET,1610612754,IND,1,0,0,,,
22600642,0022600642,reg,2027-01-22,2027-01-23T01:00:00Z,1610612740,NOP,1610612742,DAL,1,0,0,,,
22600643,0022600643,reg,2027-01-22,2027-01-23T01:00:00Z,1610612760,OKC,1610612763,MEM,1,0,0,,,
22600644,0022600644,reg,2027-01-22,2027-01-23T02:00:00Z,1610612756,PHX,1610612762,UTA,1,0,0,,,
22600645,0022600645,reg,2027-01-22,2027-01-23T02:30:00Z,1610612759,SAS,1610612750,MIN,1,0,0,,,
22600646,0022600646,reg,2027-01-22,2027-01-23T03:00:00Z,1610612744,GSW,1610612749,MIL,1,0,0,,,
22600647,0022600647,reg,2027-01-22,2027-01-23T03:00:00Z,1610612747,LAL,1610612758,SAC,1,0,0,,,
22600648,0022600648,reg,2027-01-22,2027-01-23T03:30:00Z,1610612746,LAC,1610612764,WAS,1,0,0,,,
22600649,0022600649,reg,2027-01-23,2027-01-23T22:00:00Z,1610612741,CHI,1610612755,PHI,1,0,0,,,
22600650,0022600650,reg,2027-01-23,2027-01-23T23:00:00Z,1610612751,BKN,1610612761,TOR,1,0,0,,,
22600651,0022600651,reg,2027-01-23,2027-01-24T00:00:00Z,1610612738,BOS,1610612766,CHA,1,0,0,,,
22600652,0022600652,reg,2027-01-23,2027-01-24T01:00:00Z,1610612748,MIA,1610612737,ATL,1,0,0,,,
22600653,0022600653,reg,2027-01-23,2027-01-24T01:00:00Z,1610612742,DAL,1610612739,CLE,1,0,0,,,
22600654,0022600654,reg,2027-01-23,2027-01-24T02:00:00Z,1610612743,DEN,1610612749,MIL,1,0,0,,,
22600655,0022600655,reg,2027-01-24,2027-01-24T20:30:00Z,1610612759,SAS,1610612757,POR,1,0,0,,,
22600656,0022600656,reg,2027-01-24,2027-01-24T21:00:00Z,1610612756,PHX,1610612762,UTA,1,0,0,,,
22600657,0022600657,reg,2027-01-24,2027-01-24T21:00:00Z,1610612747,LAL,1610612764,WAS,1,0,0,,,
22600658,0022600658,reg,2027-01-24,2027-01-24T23:00:00Z,1610612765,DET,1610612750,MIN,1,0,0,,,
22600659,0022600659,reg,2027-01-24,2027-01-24T23:00:00Z,1610612753,ORL,1610612745,HOU,1,0,0,,,
22600660,0022600660,reg,2027-01-24,2027-01-25T00:00:00Z,1610612752,NYK,1610612746,LAC,1,0,0,,,
22600661,0022600661,reg,2027-01-24,2027-01-25T01:30:00Z,1610612744,GSW,1610612760,OKC,1,0,0,,,
22600662,0022600662,reg,2027-01-25,2027-01-26T00:00:00Z,1610612738,BOS,1610612761,TOR,1,0,0,,,
22600663,0022600663,reg,2027-01-25,2027-01-26T00:00:00Z,1610612766,CHA,1610612753,ORL,1,0,0,,,
22600664,0022600664,reg,2027-01-25,2027-01-26T00:00:00Z,1610612755,PHI,1610612746,LAC,1,0,0,,,
22600665,0022600665,reg,2027-01-25,2027-01-26T00:30:00Z,1610612751,BKN,1610612748,MIA,1,0,0,,,
22600666,0022600666,reg,2027-01-25,2027-01-26T01:00:00Z,1610612741,CHI,1610612742,DAL,1,0,0,,,
22600667,0022600667,reg,2027-01-25,2027-01-26T01:00:00Z,1610612763,MEM,1610612750,MIN,1,0,0,,,
22600668,0022600668,reg,2027-01-25,2027-01-26T01:00:00Z,1610612740,NOP,1610612739,CLE,1,0,0,,,
22600669,0022600669,reg,2027-01-25,2027-01-26T02:30:00Z,1610612743,DEN,1610612758,SAC,1,0,0,,,
22600670,0022600670,reg,2027-01-26,2027-01-27T00:00:00Z,1610612765,DET,1610612737,ATL,1,0,0,,,
22600671,0022600671,reg,2027-01-26,2027-01-27T00:00:00Z,1610612754,IND,1610612741,CHI,1,0,0,,,
22600672,0022600672,reg,2027-01-26,2027-01-27T00:30:00Z,1610612752,NYK,1610612756,PHX,1,0,0,,,
22600673,0022600673,reg,2027-01-26,2027-01-27T01:00:00Z,1610612759,SAS,1610612745,HOU,1,0,0,AWS NBA Rivals Week,,
22600674,0022600674,reg,2027-01-26,2027-01-27T02:00:00Z,1610612762,UTA,1610612749,MIL,1,0,0,,,
22600675,0022600675,reg,2027-01-26,2027-01-27T03:00:00Z,1610612757,POR,1610612764,WAS,1,0,0,,,
22600676,0022600676,reg,2027-01-26,2027-01-27T04:00:00Z,1610612747,LAL,1610612760,OKC,1,0,0,AWS NBA Rivals Week,,
22600677,0022600677,reg,2027-01-27,2027-01-28T00:00:00Z,1610612739,CLE,1610612765,DET,1,0,0,AWS NBA Rivals Week,,
22600678,0022600678,reg,2027-01-27,2027-01-28T00:00:00Z,1610612755,PHI,1610612758,SAC,1,0,0,,,
22600679,0022600679,reg,2027-01-27,2027-01-28T00:30:00Z,1610612738,BOS,1610612746,LAC,1,0,0,,,
22600680,0022600680,reg,2027-01-27,2027-01-28T00:30:00Z,1610612751,BKN,1610612756,PHX,1,0,0,,,
22600681,0022600681,reg,2027-01-27,2027-01-28T00:30:00Z,1610612761,TOR,1610612742,DAL,1,0,0,,,
22600682,0022600682,reg,2027-01-27,2027-01-28T01:00:00Z,1610612759,SAS,1610612766,CHA,1,0,0,,,
22600683,0022600683,reg,2027-01-27,2027-01-28T01:30:00Z,1610612745,HOU,1610612740,NOP,1,0,0,,,
22600684,0022600684,reg,2027-01-27,2027-01-28T02:30:00Z,1610612750,MIN,1610612743,DEN,1,0,0,AWS NBA Rivals Week,,
22600685,0022600685,reg,2027-01-27,2027-01-28T03:00:00Z,1610612757,POR,1610612744,GSW,1,0,0,,,
22600686,0022600686,reg,2027-01-28,2027-01-29T00:00:00Z,1610612754,IND,1610612747,LAL,1,0,0,,,
22600687,0022600687,reg,2027-01-28,2027-01-29T00:00:00Z,1610612752,NYK,1610612737,ATL,1,0,0,AWS NBA Rivals Week,,
22600688,0022600688,reg,2027-01-28,2027-01-29T00:00:00Z,1610612753,ORL,1610612741,CHI,1,0,0,,,
22600689,0022600689,reg,2027-01-28,2027-01-29T00:00:00Z,1610612764,WAS,1610612758,SAC,1,0,0,,,
22600690,0022600690,reg,2027-01-28,2027-01-29T01:00:00Z,1610612740,NOP,1610612755,PHI,1,0,0,,,
22600691,0022600691,reg,2027-01-28,2027-01-29T01:00:00Z,1610612760,OKC,1610612763,MEM,1,0,0,,,
22600692,0022600692,reg,2027-01-28,2027-01-29T02:00:00Z,1610612762,UTA,1610612744,GSW,1,0,0,,,
22600693,0022600693,reg,2027-01-28,2027-01-29T02:30:00Z,1610612749,MIL,1610612748,MIA,1,0,0,AWS NBA Rivals Week,,
22600694,0022600694,reg,2027-01-29,2027-01-30T00:00:00Z,1610612761,TOR,1610612739,CLE,1,0,0,AWS NBA Rivals Week,,
22600695,0022600695,reg,2027-01-29,2027-01-30T00:30:00Z,1610612738,BOS,1610612756,PHX,1,0,0,,,
22600696,0022600696,reg,2027-01-29,2027-01-30T00:30:00Z,1610612751,BKN,1610612746,LAC,1,0,0,,,
22600697,0022600697,reg,2027-01-29,2027-01-30T01:00:00Z,1610612742,DAL,1610612765,DET,1,0,0,,,
22600698,0022600698,reg,2027-01-29,2027-01-30T01:30:00Z,1610612745,HOU,1610612753,ORL,1,0,0,,,
22600699,0022600699,reg,2027-01-29,2027-01-30T02:30:00Z,1610612750,MIN,1610612766,CHA,1,0,0,AWS NBA Rivals Week,,
22600700,0022600700,reg,2027-01-30,2027-01-30T17:30:00Z,1610612748,MIA,1610612755,PHI,1,0,0,AWS NBA Rivals Week,,
22600701,0022600701,reg,2027-01-30,2027-01-30T20:00:00Z,1610612760,OKC,1610612743,DEN,1,0,0,AWS NBA Rivals Week,,
22600702,0022600702,reg,2027-01-30,2027-01-30T22:30:00Z,1610612744,GSW,1610612759,SAS,1,0,0,AWS NBA Rivals Week,,
22600703,0022600703,reg,2027-01-30,2027-01-31T00:00:00Z,1610612754,IND,1610612764,WAS,1,0,0,,,
22600704,0022600704,reg,2027-01-30,2027-01-31T00:30:00Z,1610612739,CLE,1610612740,NOP,1,0,0,,,
22600705,0022600705,reg,2027-01-30,2027-01-31T01:00:00Z,1610612749,MIL,1610612737,ATL,1,0,0,,,
22600706,0022600706,reg,2027-01-30,2027-01-31T01:30:00Z,1610612752,NYK,1610612747,LAL,1,0,0,AWS NBA Rivals Week,,
22600707,0022600707,reg,2027-01-30,2027-01-31T02:30:00Z,1610612762,UTA,1610612763,MEM,1,0,0,,,
22600708,0022600708,reg,2027-01-31,2027-01-31T20:00:00Z,1610612765,DET,1610612758,SAC,1,0,0,,,
22600709,0022600709,reg,2027-01-31,2027-01-31T23:00:00Z,1610612753,ORL,1610612751,BKN,1,0,0,,,
22600710,0022600710,reg,2027-01-31,2027-01-31T23:00:00Z,1610612761,TOR,1610612738,BOS,1,0,0,,,
22600711,0022600711,reg,2027-01-31,2027-01-31T23:00:00Z,1610612750,MIN,1610612756,PHX,1,0,0,,,
22600712,0022600712,reg,2027-01-31,2027-01-31T23:00:00Z,1610612760,OKC,1610612741,CHI,1,0,0,,,
22600713,0022600713,reg,2027-01-31,2027-02-01T00:00:00Z,1610612766,CHA,1610612747,LAL,1,0,0,,,
22600714,0022600714,reg,2027-01-31,2027-02-01T01:00:00Z,1610612743,DEN,1610612757,POR,1,0,0,,,
22600715,0022600715,reg,2027-01-31,2027-02-01T01:30:00Z,1610612742,DAL,1610612745,HOU,1,0,0,,,
22600716,0022600716,reg,2027-02-01,2027-02-02T00:00:00Z,1610612737,ATL,1610612764,WAS,1,0,0,,,
22600717,0022600717,reg,2027-02-01,2027-02-02T00:00:00Z,1610612755,PHI,1610612740,NOP,1,0,0,,,
22600718,0022600718,reg,2027-02-01,2027-02-02T00:30:00Z,1610612751,BKN,1610612752,NYK,1,0,0,,,
22600719,0022600719,reg,2027-02-01,2027-02-02T00:30:00Z,1610612754,IND,1610612748,MIA,1,0,0,,,
22600720,0022600720,reg,2027-02-01,2027-02-02T01:00:00Z,1610612749,MIL,1610612763,MEM,1,0,0,,,
22600721,0022600721,reg,2027-02-01,2027-02-02T02:00:00Z,1610612762,UTA,1610612739,CLE,1,0,0,,,
22600722,0022600722,reg,2027-02-01,2027-02-02T03:00:00Z,1610612744,GSW,1610612759,SAS,1,0,0,,,
22600723,0022600723,reg,2027-02-02,2027-02-03T00:00:00Z,1610612765,DET,1610612741,CHI,1,0,0,,,
22600724,0022600724,reg,2027-02-02,2027-02-03T00:00:00Z,1610612753,ORL,1610612740,NOP,1,0,0,,,
22600725,0022600725,reg,2027-02-02,2027-02-03T00:30:00Z,1610612748,MIA,1610612766,CHA,1,0,0,,,
22600726,0022600726,reg,2027-02-02,2027-02-03T01:00:00Z,1610612738,BOS,1610612747,LAL,1,0,0,,,
22600727,0022600727,reg,2027-02-02,2027-02-03T01:00:00Z,1610612742,DAL,1610612761,TOR,1,0,0,,,
22600728,0022600728,reg,2027-02-02,2027-02-03T02:00:00Z,1610612743,DEN,1610612760,OKC,1,0,0,,,
22600729,0022600729,reg,2027-02-02,2027-02-03T03:30:00Z,1610612746,LAC,1610612759,SAS,1,0,0,,,
22600730,0022600730,reg,2027-02-02,2027-02-03T04:00:00Z,1610612757,POR,1610612750,MIN,1,0,0,,,
22600731,0022600731,reg,2027-02-03,2027-02-04T00:00:00Z,1610612765,DET,1610612752,NYK,1,0,0,NBA Pioneers Classic,,
22600732,0022600732,reg,2027-02-03,2027-02-04T00:00:00Z,1610612754,IND,1610612737,ATL,1,0,0,,,
22600733,0022600733,reg,2027-02-03,2027-02-04T01:00:00Z,1610612763,MEM,1610612755,PHI,1,0,0,,,
22600734,0022600734,reg,2027-02-03,2027-02-04T02:00:00Z,1610612756,PHX,1610612739,CLE,1,0,0,,,
22600735,0022600735,reg,2027-02-03,2027-02-04T02:30:00Z,1610612745,HOU,1610612762,UTA,1,0,0,,,
22600736,0022600736,reg,2027-02-03,2027-02-04T03:30:00Z,1610612746,LAC,1610612744,GSW,1,0,0,,,
22600737,0022600737,reg,2027-02-04,2027-02-05T00:00:00Z,1610612764,WAS,1610612740,NOP,1,0,0,,,
22600738,0022600738,reg,2027-02-04,2027-02-05T00:30:00Z,1610612751,BKN,1610612747,LAL,1,0,0,,,
22600739,0022600739,reg,2027-02-04,2027-02-05T00:30:00Z,1610612766,CHA,1610612738,BOS,1,0,0,,,
22600740,0022600740,reg,2027-02-04,2027-02-05T00:30:00Z,1610612748,MIA,1610612749,MIL,1,0,0,,,
22600741,0022600741,reg,2027-02-04,2027-02-05T00:30:00Z,1610612752,NYK,1610612761,TOR,1,0,0,,,
22600742,0022600742,reg,2027-02-04,2027-02-05T01:00:00Z,1610612741,CHI,1610612760,OKC,1,0,0,,,
22600743,0022600743,reg,2027-02-04,2027-02-05T01:00:00Z,1610612759,SAS,1610612753,ORL,1,0,0,,,
22600744,0022600744,reg,2027-02-04,2027-02-05T03:00:00Z,1610612743,DEN,1610612742,DAL,1,0,0,,,
22600745,0022600745,reg,2027-02-04,2027-02-05T03:00:00Z,1610612757,POR,1610612739,CLE,1,0,0,,,
22600746,0022600746,reg,2027-02-04,2027-02-05T03:00:00Z,1610612758,SAC,1610612750,MIN,1,0,0,,,
22600747,0022600747,reg,2027-02-05,2027-02-06T00:00:00Z,1610612737,ATL,1610612738,BOS,1,0,0,,,
22600748,0022600748,reg,2027-02-05,2027-02-06T00:00:00Z,1610612766,CHA,1610612744,GSW,1,0,0,,,
22600749,0022600749,reg,2027-02-05,2027-02-06T00:00:00Z,1610612755,PHI,1610612765,DET,1,0,0,,,
22600750,0022600750,reg,2027-02-05,2027-02-06T02:00:00Z,1610612743,DEN,1610612746,LAC,1,0,0,,,
22600751,0022600751,reg,2027-02-05,2027-02-06T02:00:00Z,1610612756,PHX,1610612745,HOU,1,0,0,,,
22600752,0022600752,reg,2027-02-05,2027-02-06T02:30:00Z,1610612760,OKC,1610612754,IND,1,0,0,,,
22600753,0022600753,reg,2027-02-06,2027-02-06T20:00:00Z,1610612742,DAL,1610612762,UTA,1,0,0,,,
22600754,0022600754,reg,2027-02-06,2027-02-06T20:00:00Z,1610612750,MIN,1610612748,MIA,1,0,0,,,
22600755,0022600755,reg,2027-02-06,2027-02-06T22:30:00Z,1610612763,MEM,1610612757,POR,1,0,0,,,
22600756,0022600756,reg,2027-02-06,2027-02-06T23:00:00Z,1610612751,BKN,1610612764,WAS,1,0,0,,,
22600757,0022600757,reg,2027-02-06,2027-02-07T00:30:00Z,1610612739,CLE,1610612753,ORL,1,0,0,,,
22600758,0022600758,reg,2027-02-06,2027-02-07T00:30:00Z,1610612761,TOR,1610612749,MIL,1,0,0,,,
22600759,0022600759,reg,2027-02-06,2027-02-07T01:00:00Z,1610612741,CHI,1610612740,NOP,1,0,0,,,
22600760,0022600760,reg,2027-02-06,2027-02-07T01:30:00Z,1610612759,SAS,1610612747,LAL,1,0,0,,,
22600761,0022600761,reg,2027-02-06,2027-02-07T03:00:00Z,1610612758,SAC,1610612756,PHX,1,0,0,,,
22600762,0022600762,reg,2027-02-07,2027-02-07T20:00:00Z,1610612737,ATL,1610612743,DEN,1,0,0,,,
22600763,0022600763,reg,2027-02-07,2027-02-07T20:00:00Z,1610612765,DET,1610612744,GSW,1,0,0,,,
22600764,0022600764,reg,2027-02-07,2027-02-07T20:30:00Z,1610612750,MIN,1610612762,UTA,1,0,0,,,
22600765,0022600765,reg,2027-02-07,2027-02-07T21:30:00Z,1610612742,DAL,1610612746,LAC,1,0,0,,,
22600766,0022600766,reg,2027-02-07,2027-02-07T23:00:00Z,1610612761,TOR,1610612766,CHA,1,0,0,,,
22600767,0022600767,reg,2027-02-07,2027-02-08T00:00:00Z,1610612755,PHI,1610612738,BOS,1,0,0,,,
22600768,0022600768,reg,2027-02-07,2027-02-08T02:30:00Z,1610612760,OKC,1610612752,NYK,1,0,0,,,
22600769,0022600769,reg,2027-02-07,2027-02-08T03:30:00Z,1610612758,SAC,1610612745,HOU,1,0,0,,,
22600770,0022600770,reg,2027-02-08,2027-02-09T00:00:00Z,1610612737,ATL,1610612748,MIA,1,0,0,,,
22600771,0022600771,reg,2027-02-08,2027-02-09T00:00:00Z,1610612754,IND,1610612740,NOP,1,0,0,,,
22600772,0022600772,reg,2027-02-08,2027-02-09T00:00:00Z,1610612755,PHI,1610612751,BKN,1,0,0,,,
22600773,0022600773,reg,2027-02-08,2027-02-09T00:00:00Z,1610612764,WAS,1610612741,CHI,1,0,0,,,
22600774,0022600774,reg,2027-02-08,2027-02-09T01:00:00Z,1610612763,MEM,1610612757,POR,1,0,0,,,
22600775,0022600775,reg,2027-02-08,2027-02-09T01:00:00Z,1610612749,MIL,1610612753,ORL,1,0,0,,,
22600776,0022600776,reg,2027-02-08,2027-02-09T02:30:00Z,1610612756,PHX,1610612747,LAL,1,0,0,,,
22600777,0022600777,reg,2027-02-09,2027-02-10T00:00:00Z,1610612739,CLE,1610612761,TOR,1,0,0,,,
22600778,0022600778,reg,2027-02-09,2027-02-10T00:30:00Z,1610612738,BOS,1610612743,DEN,1,0,0,,,
22600779,0022600779,reg,2027-02-09,2027-02-10T00:30:00Z,1610612751,BKN,1610612750,MIN,1,0,0,,,
22600780,0022600780,reg,2027-02-09,2027-02-10T00:30:00Z,1610612752,NYK,1610612766,CHA,1,0,0,,,
22600781,0022600781,reg,2027-02-09,2027-02-10T01:00:00Z,1610612741,CHI,1610612744,GSW,1,0,0,,,
22600782,0022600782,reg,2027-02-09,2027-02-10T01:00:00Z,1610612742,DAL,1610612759,SAS,1,0,0,,,
22600783,0022600783,reg,2027-02-09,2027-02-10T01:00:00Z,1610612749,MIL,1610612758,SAC,1,0,0,,,
22600784,0022600784,reg,2027-02-09,2027-02-10T01:00:00Z,1610612760,OKC,1610612757,POR,1,0,0,,,
22600785,0022600785,reg,2027-02-09,2027-02-10T03:00:00Z,1610612762,UTA,1610612745,HOU,1,0,0,,,
22600786,0022600786,reg,2027-02-09,2027-02-10T03:30:00Z,1610612746,LAC,1610612765,DET,1,0,0,,,
22600787,0022600787,reg,2027-02-10,2027-02-11T00:00:00Z,1610612737,ATL,1610612740,NOP,1,0,0,,,
22600788,0022600788,reg,2027-02-10,2027-02-11T00:00:00Z,1610612754,IND,1610612739,CLE,1,0,0,,,
22600789,0022600789,reg,2027-02-10,2027-02-11T00:00:00Z,1610612764,WAS,1610612748,MIA,1,0,0,,,
22600790,0022600790,reg,2027-02-10,2027-02-11T00:30:00Z,1610612738,BOS,1610612744,GSW,1,0,0,,,
22600791,0022600791,reg,2027-02-10,2027-02-11T01:00:00Z,1610612763,MEM,1610612753,ORL,1,0,0,,,
22600792,0022600792,reg,2027-02-10,2027-02-11T02:00:00Z,1610612756,PHX,1610612765,DET,1,0,0,,,
22600793,0022600793,reg,2027-02-10,2027-02-11T03:00:00Z,1610612747,LAL,1610612746,LAC,1,0,0,,,
22600794,0022600794,reg,2027-02-11,2027-02-12T00:00:00Z,1610612766,CHA,1610612749,MIL,1,0,0,,,
22600795,0022600795,reg,2027-02-11,2027-02-12T00:00:00Z,1610612754,IND,1610612762,UTA,1,0,0,,,
22600796,0022600796,reg,2027-02-11,2027-02-12T00:00:00Z,1610612755,PHI,1610612752,NYK,1,0,0,,,
22600797,0022600797,reg,2027-02-11,2027-02-12T01:00:00Z,1610612742,DAL,1610612757,POR,1,0,0,,,
22600798,0022600798,reg,2027-02-11,2027-02-12T01:30:00Z,1610612745,HOU,1610612758,SAC,1,0,0,,,
22600799,0022600799,reg,2027-02-11,2027-02-12T02:00:00Z,1610612743,DEN,1610612741,CHI,1,0,0,,,
22600800,0022600800,reg,2027-02-11,2027-02-12T02:30:00Z,1610612760,OKC,1610612759,SAS,1,0,0,,,
22600801,0022600801,reg,2027-02-12,2027-02-13T00:00:00Z,1610612737,ATL,1610612756,PHX,1,0,0,,,
22600802,0022600802,reg,2027-02-12,2027-02-13T00:00:00Z,1610612753,ORL,1610612748,MIA,1,0,0,,,
22600803,0022600803,reg,2027-02-12,2027-02-13T00:00:00Z,1610612764,WAS,1610612751,BKN,1,0,0,,,
22600804,0022600804,reg,2027-02-12,2027-02-13T00:30:00Z,1610612761,TOR,1610612739,CLE,1,0,0,,,
22600805,0022600805,reg,2027-02-12,2027-02-13T01:00:00Z,1610612738,BOS,1610612750,MIN,1,0,0,,,
22600806,0022600806,reg,2027-02-12,2027-02-13T01:00:00Z,1610612763,MEM,1610612746,LAC,1,0,0,,,
22600807,0022600807,reg,2027-02-12,2027-02-13T01:00:00Z,1610612740,NOP,1610612745,HOU,1,0,0,,,
22600808,0022600808,reg,2027-02-12,2027-02-13T03:30:00Z,1610612747,LAL,1610612743,DEN,1,0,0,,,
22600809,0022600809,reg,2027-02-13,2027-02-13T19:00:00Z,1610612754,IND,1610612758,SAC,1,0,0,,,
22600810,0022600810,reg,2027-02-13,2027-02-13T20:00:00Z,1610612766,CHA,1610612742,DAL,1,0,0,,,
22600811,0022600811,reg,2027-02-13,2027-02-13T20:30:00Z,1610612757,POR,1610612765,DET,1,0,0,,,
22600812,0022600812,reg,2027-02-13,2027-02-13T22:30:00Z,1610612760,OKC,1610612755,PHI,1,0,0,,,
22600813,0022600813,reg,2027-02-13,2027-02-14T00:00:00Z,1610612753,ORL,1610612759,SAS,1,0,0,,,
22600814,0022600814,reg,2027-02-13,2027-02-14T00:00:00Z,1610612764,WAS,1610612749,MIL,1,0,0,,,
22600815,0022600815,reg,2027-02-13,2027-02-14T01:30:00Z,1610612752,NYK,1610612744,GSW,1,0,0,,,
22600816,0022600816,reg,2027-02-14,2027-02-14T18:00:00Z,1610612737,ATL,1610612758,SAC,1,0,0,,,
22600817,0022600817,reg,2027-02-14,2027-02-14T18:00:00Z,1610612738,BOS,1610612761,TOR,1,0,0,,,
22600818,0022600818,reg,2027-02-14,2027-02-14T18:00:00Z,1610612739,CLE,1610612756,PHX,1,0,0,,,
22600819,0022600819,reg,2027-02-14,2027-02-14T18:00:00Z,1610612748,MIA,1610612751,BKN,1,0,0,,,
22600820,0022600820,reg,2027-02-14,2027-02-14T19:00:00Z,1610612745,HOU,1610612743,DEN,1,0,0,,,
22600821,0022600821,reg,2027-02-14,2027-02-14T19:00:00Z,1610612740,NOP,1610612746,LAC,1,0,0,,,
22600822,0022600822,reg,2027-02-14,2027-02-14T20:30:00Z,1610612757,POR,1610612741,CHI,1,0,0,,,
22600081,0022600081,reg,2027-02-15,2027-02-15T17:00:00Z,1610612766,CHA,1610612750,MIN,1,0,0,,,
22600082,0022600082,reg,2027-02-15,2027-02-15T19:30:00Z,1610612742,DAL,1610612755,PHI,1,0,0,,,
22600083,0022600083,reg,2027-02-15,2027-02-15T22:00:00Z,1610612748,MIA,1610612759,SAS,1,0,0,,,
22600084,0022600084,reg,2027-02-15,2027-02-16T00:30:00Z,1610612744,GSW,1610612754,IND,1,0,0,,,
22600823,0022600823,reg,2027-02-15,2027-02-16T00:00:00Z,1610612764,WAS,1610612756,PHX,1,0,0,,,
22600824,0022600824,reg,2027-02-15,2027-02-16T01:00:00Z,1610612763,MEM,1610612752,NYK,1,0,0,,,
22600825,0022600825,reg,2027-02-15,2027-02-16T01:00:00Z,1610612760,OKC,1610612753,ORL,1,0,0,,,
22600826,0022600826,reg,2027-02-15,2027-02-16T02:00:00Z,1610612762,UTA,1610612765,DET,1,0,0,,,
22600827,0022600827,reg,2027-02-16,2027-02-17T00:00:00Z,1610612739,CLE,1610612749,MIL,1,0,0,,,
22600828,0022600828,reg,2027-02-16,2027-02-17T01:00:00Z,1610612737,ATL,1610612761,TOR,1,0,0,,,
22600829,0022600829,reg,2027-02-16,2027-02-17T03:00:00Z,1610612747,LAL,1610612741,CHI,1,0,0,,,
22600830,0022600830,reg,2027-02-16,2027-02-17T03:00:00Z,1610612757,POR,1610612740,NOP,1,0,0,,,
22600831,0022600831,reg,2027-02-16,2027-02-17T04:00:00Z,1610612746,LAC,1610612745,HOU,1,0,0,,,
22600832,0022600832,reg,2027-02-17,2027-02-18T00:00:00Z,1610612766,CHA,1610612761,TOR,1,0,0,,,
22600833,0022600833,reg,2027-02-17,2027-02-18T00:00:00Z,1610612739,CLE,1610612749,MIL,1,0,0,,,
22600834,0022600834,reg,2027-02-17,2027-02-18T00:00:00Z,1610612765,DET,1610612752,NYK,1,0,0,,,
22600835,0022600835,reg,2027-02-17,2027-02-18T00:00:00Z,1610612753,ORL,1610612742,DAL,1,0,0,,,
22600836,0022600836,reg,2027-02-17,2027-02-18T00:00:00Z,1610612755,PHI,1610612756,PHX,1,0,0,,,
22600837,0022600837,reg,2027-02-17,2027-02-18T00:00:00Z,1610612764,WAS,1610612748,MIA,1,0,0,,,
22600838,0022600838,reg,2027-02-17,2027-02-18T00:30:00Z,1610612751,BKN,1610612737,ATL,1,0,0,,,
22600839,0022600839,reg,2027-02-17,2027-02-18T01:00:00Z,1610612763,MEM,1610612759,SAS,1,0,0,,,
22600840,0022600840,reg,2027-02-17,2027-02-18T02:00:00Z,1610612743,DEN,1610612762,UTA,1,0,0,,,
22600841,0022600841,reg,2027-02-17,2027-02-18T02:30:00Z,1610612760,OKC,1610612738,BOS,1,0,0,,,
22600842,0022600842,reg,2027-02-17,2027-02-18T03:00:00Z,1610612744,GSW,1610612740,NOP,1,0,0,,,
22600843,0022600843,reg,2027-02-17,2027-02-18T03:00:00Z,1610612758,SAC,1610612754,IND,1,0,0,,,
22600844,0022600844,reg,2027-02-17,2027-02-18T03:30:00Z,1610612746,LAC,1610612741,CHI,1,0,0,,,
22600845,0022600845,reg,2027-02-18,2027-02-19T00:30:00Z,1610612750,MIN,1610612759,SAS,1,0,0,,,
22600846,0022600846,reg,2027-02-18,2027-02-19T01:00:00Z,1610612763,MEM,1610612738,BOS,1,0,0,,,
22600847,0022600847,reg,2027-02-18,2027-02-19T03:00:00Z,1610612747,LAL,1610612745,HOU,1,0,0,,,
22600848,0022600848,reg,2027-02-18,2027-02-19T03:00:00Z,1610612757,POR,1610612754,IND,1,0,0,,,
22600849,0022600849,reg,2027-02-25,2027-02-26T00:00:00Z,1610612739,CLE,1610612758,SAC,1,0,0,,,
22600850,0022600850,reg,2027-02-25,2027-02-26T00:00:00Z,1610612765,DET,1610612748,MIA,1,0,0,,,
22600851,0022600851,reg,2027-02-25,2027-02-26T00:00:00Z,1610612753,ORL,1610612766,CHA,1,0,0,,,
22600852,0022600852,reg,2027-02-25,2027-02-26T00:30:00Z,1610612751,BKN,1610612755,PHI,1,0,0,,,
22600853,0022600853,reg,2027-02-25,2027-02-26T00:30:00Z,1610612752,NYK,1610612760,OKC,1,0,0,,,
22600854,0022600854,reg,2027-02-25,2027-02-26T01:00:00Z,1610612741,CHI,1610612737,ATL,1,0,0,,,
22600855,0022600855,reg,2027-02-25,2027-02-26T01:00:00Z,1610612749,MIL,1610612764,WAS,1,0,0,,,
22600856,0022600856,reg,2027-02-25,2027-02-26T01:00:00Z,1610612740,NOP,1610612756,PHX,1,0,0,,,
22600857,0022600857,reg,2027-02-25,2027-02-26T03:00:00Z,1610612744,GSW,1610612742,DAL,1,0,0,,,
22600858,0022600858,reg,2027-02-25,2027-02-26T03:30:00Z,1610612746,LAC,1610612762,UTA,1,0,0,,,
22600859,0022600859,reg,2027-02-26,2027-02-27T00:30:00Z,1610612738,BOS,1610612739,CLE,1,0,0,,,
22600860,0022600860,reg,2027-02-26,2027-02-27T00:30:00Z,1610612761,TOR,1610612737,ATL,1,0,0,,,
22600861,0022600861,reg,2027-02-26,2027-02-27T01:00:00Z,1610612750,MIN,1610612754,IND,1,0,0,,,
22600862,0022600862,reg,2027-02-26,2027-02-27T01:00:00Z,1610612759,SAS,1610612763,MEM,1,0,0,,,
22600863,0022600863,reg,2027-02-26,2027-02-27T01:30:00Z,1610612745,HOU,1610612766,CHA,1,0,0,,,
22600864,0022600864,reg,2027-02-26,2027-02-27T03:00:00Z,1610612743,DEN,1610612747,LAL,1,0,0,,,
22600865,0022600865,reg,2027-02-26,2027-02-27T03:00:00Z,1610612757,POR,1610612742,DAL,1,0,0,,,
22600866,0022600866,reg,2027-02-27,2027-02-27T20:00:00Z,1610612762,UTA,1610612764,WAS,1,0,0,,,
22600867,0022600867,reg,2027-02-27,2027-02-27T22:30:00Z,1610612765,DET,1610612760,OKC,1,0,0,,,
22600868,0022600868,reg,2027-02-27,2027-02-28T01:00:00Z,1610612741,CHI,1610612751,BKN,1,0,0,,,
22600869,0022600869,reg,2027-02-27,2027-02-28T01:00:00Z,1610612763,MEM,1610612758,SAC,1,0,0,,,
22600870,0022600870,reg,2027-02-27,2027-02-28T01:30:00Z,1610612752,NYK,1610612755,PHI,1,0,0,,,
22600871,0022600871,reg,2027-02-27,2027-02-28T02:00:00Z,1610612756,PHX,1610612740,NOP,1,0,0,,,
22600872,0022600872,reg,2027-02-28,2027-02-28T18:00:00Z,1610612759,SAS,1610612743,DEN,1,0,0,,,
22600873,0022600873,reg,2027-02-28,2027-02-28T20:30:00Z,1610612742,DAL,1610612747,LAL,1,0,0,,,
22600874,0022600874,reg,2027-02-28,2027-02-28T21:00:00Z,1610612754,IND,1610612761,TOR,1,0,0,,,
22600875,0022600875,reg,2027-02-28,2027-02-28T21:30:00Z,1610612753,ORL,1610612737,ATL,1,0,0,,,
22600876,0022600876,reg,2027-02-28,2027-03-01T00:00:00Z,1610612766,CHA,1610612758,SAC,1,0,0,,,
22600877,0022600877,reg,2027-02-28,2027-03-01T00:00:00Z,1610612750,MIN,1610612738,BOS,1,0,0,,,
22600878,0022600878,reg,2027-02-28,2027-03-01T00:30:00Z,1610612752,NYK,1610612749,MIL,1,0,0,,,
22600879,0022600879,reg,2027-02-28,2027-03-01T02:30:00Z,1610612745,HOU,1610612748,MIA,1,0,0,,,
22600880,0022600880,reg,2027-02-28,2027-03-01T03:30:00Z,1610612746,LAC,1610612757,POR,1,0,0,,,
22600881,0022600881,reg,2027-03-01,2027-03-02T00:00:00Z,1610612739,CLE,1610612755,PHI,1,0,0,,,
22600882,0022600882,reg,2027-03-01,2027-03-02T00:00:00Z,1610612765,DET,1610612741,CHI,1,0,0,,,
22600883,0022600883,reg,2027-03-01,2027-03-02T01:00:00Z,1610612740,NOP,1610612762,UTA,1,0,0,,,
22600884,0022600884,reg,2027-03-01,2027-03-02T01:30:00Z,1610612745,HOU,1610612744,GSW,1,0,0,,,
22600885,0022600885,reg,2027-03-01,2027-03-02T02:00:00Z,1610612743,DEN,1610612751,BKN,1,0,0,,,
22600886,0022600886,reg,2027-03-01,2027-03-02T02:30:00Z,1610612756,PHX,1610612764,WAS,1,0,0,,,
22600887,0022600887,reg,2027-03-02,2027-03-03T00:00:00Z,1610612754,IND,1610612738,BOS,1,0,0,,,
22600888,0022600888,reg,2027-03-02,2027-03-03T00:00:00Z,1610612753,ORL,1610612747,LAL,1,0,0,,,
22600889,0022600889,reg,2027-03-02,2027-03-03T00:30:00Z,1610612748,MIA,1610612761,TOR,1,0,0,,,
22600890,0022600890,reg,2027-03-02,2027-03-03T00:30:00Z,1610612752,NYK,1610612763,MEM,1,0,0,,,
22600891,0022600891,reg,2027-03-02,2027-03-03T01:00:00Z,1610612742,DAL,1610612744,GSW,1,0,0,,,
22600892,0022600892,reg,2027-03-02,2027-03-03T01:00:00Z,1610612749,MIL,1610612765,DET,1,0,0,,,
22600893,0022600893,reg,2027-03-02,2027-03-03T01:00:00Z,1610612760,OKC,1610612750,MIN,1,0,0,,,
22600894,0022600894,reg,2027-03-02,2027-03-03T03:00:00Z,1610612758,SAC,1610612764,WAS,1,0,0,,,
22600895,0022600895,reg,2027-03-02,2027-03-03T04:00:00Z,1610612757,POR,1610612746,LAC,1,0,0,,,
22600896,0022600896,reg,2027-03-03,2027-03-04T00:00:00Z,1610612737,ATL,1610612741,CHI,1,0,0,,,
22600897,0022600897,reg,2027-03-03,2027-03-04T00:00:00Z,1610612755,PHI,1610612766,CHA,1,0,0,,,
22600898,0022600898,reg,2027-03-03,2027-03-04T00:30:00Z,1610612748,MIA,1610612761,TOR,1,0,0,,,
22600899,0022600899,reg,2027-03-03,2027-03-04T01:00:00Z,1610612749,MIL,1610612762,UTA,1,0,0,,,
22600900,0022600900,reg,2027-03-03,2027-03-04T01:30:00Z,1610612745,HOU,1610612740,NOP,1,0,0,,,
22600901,0022600901,reg,2027-03-03,2027-03-04T02:00:00Z,1610612756,PHX,1610612751,BKN,1,0,0,,,
22600902,0022600902,reg,2027-03-03,2027-03-04T03:00:00Z,1610612743,DEN,1610612759,SAS,1,0,0,,,
22600903,0022600903,reg,2027-03-04,2027-03-05T00:00:00Z,1610612739,CLE,1610612757,POR,1,0,0,,,
22600904,0022600904,reg,2027-03-04,2027-03-05T00:00:00Z,1610612753,ORL,1610612754,IND,1,0,0,,,
22600905,0022600905,reg,2027-03-04,2027-03-05T00:00:00Z,1610612755,PHI,1610612747,LAL,1,0,0,,,
22600906,0022600906,reg,2027-03-04,2027-03-05T00:30:00Z,1610612737,ATL,1610612763,MEM,1,0,0,,,
22600907,0022600907,reg,2027-03-04,2027-03-05T02:30:00Z,1610612742,DAL,1610612752,NYK,1,0,0,,,
22600908,0022600908,reg,2027-03-04,2027-03-05T03:00:00Z,1610612744,GSW,1610612764,WAS,1,0,0,,,
22600909,0022600909,reg,2027-03-04,2027-03-05T03:00:00Z,1610612758,SAC,1610612760,OKC,1,0,0,,,
22600910,0022600910,reg,2027-03-04,2027-03-05T03:30:00Z,1610612746,LAC,1610612751,BKN,1,0,0,,,
22600911,0022600911,reg,2027-03-05,2027-03-06T00:00:00Z,1610612765,DET,1610612738,BOS,1,0,0,,,
22600912,0022600912,reg,2027-03-05,2027-03-06T00:00:00Z,1610612753,ORL,1610612762,UTA,1,0,0,,,
22600913,0022600913,reg,2027-03-05,2027-03-06T00:30:00Z,1610612761,TOR,1610612757,POR,1,0,0,,,
22600914,0022600914,reg,2027-03-05,2027-03-06T01:00:00Z,1610612740,NOP,1610612749,MIL,1,0,0,,,
22600915,0022600915,reg,2027-03-05,2027-03-06T02:00:00Z,1610612756,PHX,1610612750,MIN,1,0,0,,,
22600916,0022600916,reg,2027-03-05,2027-03-06T02:30:00Z,1610612745,HOU,1610612759,SAS,1,0,0,,,
22600917,0022600917,reg,2027-03-06,2027-03-06T20:00:00Z,1610612748,MIA,1610612754,IND,1,0,0,,,
22600918,0022600918,reg,2027-03-06,2027-03-06T22:00:00Z,1610612741,CHI,1610612766,CHA,1,0,0,,,
22600919,0022600919,reg,2027-03-06,2027-03-06T22:30:00Z,1610612739,CLE,1610612737,ATL,1,0,0,,,
22600920,0022600920,reg,2027-03-06,2027-03-07T00:00:00Z,1610612764,WAS,1610612762,UTA,1,0,0,,,
22600921,0022600921,reg,2027-03-06,2027-03-07T01:00:00Z,1610612763,MEM,1610612740,NOP,1,0,0,,,
22600922,0022600922,reg,2027-03-06,2027-03-07T01:30:00Z,1610612747,LAL,1610612760,OKC,1,0,0,,,
22600923,0022600923,reg,2027-03-06,2027-03-07T03:00:00Z,1610612758,SAC,1610612746,LAC,1,0,0,,,
22600924,0022600924,reg,2027-03-07,2027-03-07T18:00:00Z,1610612738,BOS,1610612755,PHI,1,0,0,,,
22600925,0022600925,reg,2027-03-07,2027-03-07T20:30:00Z,1610612743,DEN,1610612750,MIN,1,0,0,,,
22600926,0022600926,reg,2027-03-07,2027-03-07T22:00:00Z,1610612741,CHI,1610612757,POR,1,0,0,,,
22600927,0022600927,reg,2027-03-07,2027-03-08T00:30:00Z,1610612759,SAS,1610612752,NYK,1,0,0,,,
22600928,0022600928,reg,2027-03-07,2027-03-08T03:00:00Z,1610612744,GSW,1610612745,HOU,1,0,0,,,
22600929,0022600929,reg,2027-03-07,2027-03-08T03:30:00Z,1610612747,LAL,1610612751,BKN,1,0,0,,,
22600930,0022600930,reg,2027-03-08,2027-03-09T00:00:00Z,1610612754,IND,1610612766,CHA,1,0,0,,,
22600931,0022600931,reg,2027-03-08,2027-03-09T00:00:00Z,1610612755,PHI,1610612762,UTA,1,0,0,,,
22600932,0022600932,reg,2027-03-08,2027-03-09T00:30:00Z,1610612748,MIA,1610612756,PHX,1,0,0,,,
22600933,0022600933,reg,2027-03-08,2027-03-09T01:00:00Z,1610612763,MEM,1610612737,ATL,1,0,0,,,
22600934,0022600934,reg,2027-03-08,2027-03-09T01:00:00Z,1610612750,MIN,1610612740,NOP,1,0,0,,,
22600935,0022600935,reg,2027-03-08,2027-03-09T02:30:00Z,1610612760,OKC,1610612742,DAL,1,0,0,,,
22600936,0022600936,reg,2027-03-08,2027-03-09T03:00:00Z,1610612758,SAC,1610612743,DEN,1,0,0,,,
22600937,0022600937,reg,2027-03-08,2027-03-09T03:30:00Z,1610612746,LAC,1610612745,HOU,1,0,0,,,
22600938,0022600938,reg,2027-03-09,2027-03-10T00:00:00Z,1610612753,ORL,1610612756,PHX,1,0,0,,,
22600939,0022600939,reg,2027-03-09,2027-03-10T00:30:00Z,1610612751,BKN,1610612749,MIL,1,0,0,,,
22600940,0022600940,reg,2027-03-09,2027-03-10T01:00:00Z,1610612765,DET,1610612739,CLE,1,0,0,,,
22600941,0022600941,reg,2027-03-09,2027-03-10T01:00:00Z,1610612741,CHI,1610612738,BOS,1,0,0,,,
22600942,0022600942,reg,2027-03-09,2027-03-10T01:00:00Z,1610612742,DAL,1610612763,MEM,1,0,0,,,
22600943,0022600943,reg,2027-03-09,2027-03-10T01:00:00Z,1610612759,SAS,1610612764,WAS,1,0,0,,,
22600944,0022600944,reg,2027-03-09,2027-03-10T04:00:00Z,1610612744,GSW,1610612757,POR,1,0,0,,,
22600945,0022600945,reg,2027-03-10,2027-03-11T00:00:00Z,1610612766,CHA,1610612740,NOP,1,0,0,,,
22600946,0022600946,reg,2027-03-10,2027-03-11T00:00:00Z,1610612748,MIA,1610612753,ORL,1,0,0,,,
22600947,0022600947,reg,2027-03-10,2027-03-11T00:30:00Z,1610612761,TOR,1610612760,OKC,1,0,0,,,
22600948,0022600948,reg,2027-03-10,2027-03-11T02:00:00Z,1610612762,UTA,1610612745,HOU,1,0,0,,,
22600949,0022600949,reg,2027-03-10,2027-03-11T02:30:00Z,1610612750,MIN,1610612737,ATL,1,0,0,,,
22600950,0022600950,reg,2027-03-10,2027-03-11T03:00:00Z,1610612757,POR,1610612743,DEN,1,0,0,,,
22600951,0022600951,reg,2027-03-10,2027-03-11T03:00:00Z,1610612758,SAC,1610612744,GSW,1,0,0,,,
22600952,0022600952,reg,2027-03-10,2027-03-11T03:30:00Z,1610612746,LAC,1610612752,NYK,1,0,0,,,
22600953,0022600953,reg,2027-03-11,2027-03-12T00:00:00Z,1610612766,CHA,1610612754,IND,1,0,0,,,
22600954,0022600954,reg,2027-03-11,2027-03-12T00:00:00Z,1610612765,DET,1610612749,MIL,1,0,0,,,
22600955,0022600955,reg,2027-03-11,2027-03-12T00:30:00Z,1610612738,BOS,1610612763,MEM,1,0,0,,,
22600956,0022600956,reg,2027-03-11,2027-03-12T00:30:00Z,1610612759,SAS,1610612755,PHI,1,0,0,,,
22600957,0022600957,reg,2027-03-11,2027-03-12T01:00:00Z,1610612737,ATL,1610612751,BKN,1,0,0,,,
22600958,0022600958,reg,2027-03-11,2027-03-12T01:00:00Z,1610612741,CHI,1610612756,PHX,1,0,0,,,
22600959,0022600959,reg,2027-03-11,2027-03-12T01:00:00Z,1610612742,DAL,1610612764,WAS,1,0,0,,,
22600960,0022600960,reg,2027-03-11,2027-03-12T03:00:00Z,1610612747,LAL,1610612752,NYK,1,0,0,,,
22600961,0022600961,reg,2027-03-11,2027-03-12T03:30:00Z,1610612746,LAC,1610612739,CLE,1,0,0,,,
22600962,0022600962,reg,2027-03-12,2027-03-13T00:30:00Z,1610612738,BOS,1610612760,OKC,1,0,0,,,
22600963,0022600963,reg,2027-03-12,2027-03-13T01:00:00Z,1610612749,MIL,1610612748,MIA,1,0,0,,,
22600964,0022600964,reg,2027-03-12,2027-03-13T01:00:00Z,1610612740,NOP,1610612761,TOR,1,0,0,,,
22600965,0022600965,reg,2027-03-12,2027-03-13T02:30:00Z,1610612762,UTA,1610612758,SAC,1,0,0,,,
22600966,0022600966,reg,2027-03-12,2027-03-13T03:00:00Z,1610612743,DEN,1610612744,GSW,1,0,0,,,
22600967,0022600967,reg,2027-03-12,2027-03-13T03:00:00Z,1610612747,LAL,1610612739,CLE,1,0,0,,,
22600968,0022600968,reg,2027-03-13,2027-03-13T20:00:00Z,1610612737,ATL,1610612753,ORL,1,0,0,,,
22600969,0022600969,reg,2027-03-13,2027-03-13T20:00:00Z,1610612765,DET,1610612751,BKN,1,0,0,,,
22600970,0022600970,reg,2027-03-13,2027-03-13T22:30:00Z,1610612745,HOU,1610612754,IND,1,0,0,,,
22600971,0022600971,reg,2027-03-13,2027-03-13T23:00:00Z,1610612766,CHA,1610612756,PHX,1,0,0,,,
22600972,0022600972,reg,2027-03-13,2027-03-14T01:00:00Z,1610612741,CHI,1610612763,MEM,1,0,0,,,
22600973,0022600973,reg,2027-03-13,2027-03-14T01:00:00Z,1610612742,DAL,1610612740,NOP,1,0,0,,,
22600974,0022600974,reg,2027-03-13,2027-03-14T01:30:00Z,1610612750,MIN,1610612755,PHI,1,0,0,,,
22600975,0022600975,reg,2027-03-13,2027-03-14T03:30:00Z,1610612757,POR,1610612746,LAC,1,0,0,,,
22600976,0022600976,reg,2027-03-14,2027-03-14T16:00:00Z,1610612752,NYK,1610612738,BOS,1,0,0,,,
22600977,0022600977,reg,2027-03-14,2027-03-14T18:30:00Z,1610612760,OKC,1610612759,SAS,1,0,0,,,
22600978,0022600978,reg,2027-03-14,2027-03-14T21:00:00Z,1610612761,TOR,1610612765,DET,1,0,0,,,
22600979,0022600979,reg,2027-03-14,2027-03-14T22:00:00Z,1610612758,SAC,1610612739,CLE,1,0,0,,,
22600980,0022600980,reg,2027-03-14,2027-03-14T23:30:00Z,1610612743,DEN,1610612748,MIA,1,0,0,,,
22600981,0022600981,reg,2027-03-14,2027-03-15T00:00:00Z,1610612750,MIN,1610612764,WAS,1,0,0,,,
22600982,0022600982,reg,2027-03-14,2027-03-15T02:00:00Z,1610612747,LAL,1610612744,GSW,1,0,0,,,
22600983,0022600983,reg,2027-03-15,2027-03-15T23:00:00Z,1610612755,PHI,1610612761,TOR,1,0,0,,,
22600984,0022600984,reg,2027-03-15,2027-03-15T23:30:00Z,1610612751,BKN,1610612754,IND,1,0,0,,,
22600985,0022600985,reg,2027-03-15,2027-03-16T00:00:00Z,1610612741,CHI,1610612753,ORL,1,0,0,,,
22600986,0022600986,reg,2027-03-15,2027-03-16T00:00:00Z,1610612763,MEM,1610612756,PHX,1,0,0,,,
22600987,0022600987,reg,2027-03-15,2027-03-16T01:30:00Z,1610612742,DAL,1610612737,ATL,1,0,0,,,
22600988,0022600988,reg,2027-03-16,2027-03-16T23:00:00Z,1610612764,WAS,1610612752,NYK,1,0,0,,,
22600989,0022600989,reg,2027-03-16,2027-03-16T23:30:00Z,1610612738,BOS,1610612758,SAC,1,0,0,,,
22600990,0022600990,reg,2027-03-16,2027-03-17T00:00:00Z,1610612754,IND,1610612765,DET,1,0,0,,,
22600991,0022600991,reg,2027-03-16,2027-03-17T00:00:00Z,1610612749,MIL,1610612753,ORL,1,0,0,,,
22600992,0022600992,reg,2027-03-16,2027-03-17T00:00:00Z,1610612740,NOP,1610612750,MIN,1,0,0,,,
22600993,0022600993,reg,2027-03-16,2027-03-17T00:00:00Z,1610612760,OKC,1610612766,CHA,1,0,0,,,
22600994,0022600994,reg,2027-03-16,2027-03-17T00:30:00Z,1610612745,HOU,1610612759,SAS,1,0,0,,,
22600995,0022600995,reg,2027-03-16,2027-03-17T02:00:00Z,1610612744,GSW,1610612739,CLE,1,0,0,,,
22600996,0022600996,reg,2027-03-16,2027-03-17T02:00:00Z,1610612757,POR,1610612747,LAL,1,0,0,,,
22600997,0022600997,reg,2027-03-16,2027-03-17T03:00:00Z,1610612746,LAC,1610612743,DEN,1,0,0,,,
22600998,0022600998,reg,2027-03-17,2027-03-17T23:00:00Z,1610612755,PHI,1610612741,CHI,1,0,0,,,
22600999,0022600999,reg,2027-03-17,2027-03-17T23:30:00Z,1610612752,NYK,1610612758,SAC,1,0,0,,,
22601000,0022601000,reg,2027-03-17,2027-03-17T23:30:00Z,1610612760,OKC,1610612742,DAL,1,0,0,,,
22601001,0022601001,reg,2027-03-17,2027-03-18T00:30:00Z,1610612745,HOU,1610612751,BKN,1,0,0,,,
22601002,0022601002,reg,2027-03-17,2027-03-18T01:00:00Z,1610612762,UTA,1610612737,ATL,1,0,0,,,
22601003,0022601003,reg,2027-03-17,2027-03-18T02:00:00Z,1610612744,GSW,1610612763,MEM,1,0,0,,,
22601004,0022601004,reg,2027-03-17,2027-03-18T02:00:00Z,1610612747,LAL,1610612756,PHX,1,0,0,,,
22601005,0022601005,reg,2027-03-17,2027-03-18T02:00:00Z,1610612757,POR,1610612748,MIA,1,0,0,,,
22601006,0022601006,reg,2027-03-18,2027-03-18T23:00:00Z,1610612754,IND,1610612761,TOR,1,0,0,,,
22601007,0022601007,reg,2027-03-18,2027-03-18T23:00:00Z,1610612764,WAS,1610612755,PHI,1,0,0,,,
22601008,0022601008,reg,2027-03-18,2027-03-18T23:30:00Z,1610612738,BOS,1610612753,ORL,1,0,0,,,
22601009,0022601009,reg,2027-03-18,2027-03-19T00:00:00Z,1610612749,MIL,1610612765,DET,1,0,0,,,
22601010,0022601010,reg,2027-03-18,2027-03-19T00:00:00Z,1610612740,NOP,1610612766,CHA,1,0,0,,,
22601011,0022601011,reg,2027-03-18,2027-03-19T00:00:00Z,1610612759,SAS,1610612751,BKN,1,0,0,,,
22601012,0022601012,reg,2027-03-18,2027-03-19T01:00:00Z,1610612743,DEN,1610612739,CLE,1,0,0,,,
22601013,0022601013,reg,2027-03-18,2027-03-19T01:00:00Z,1610612762,UTA,1610612750,MIN,1,0,0,,,
22601014,0022601014,reg,2027-03-18,2027-03-19T02:30:00Z,1610612746,LAC,1610612763,MEM,1,0,0,,,
22601015,0022601015,reg,2027-03-19,2027-03-19T23:30:00Z,1610612761,TOR,1610612758,SAC,1,0,0,,,
22601016,0022601016,reg,2027-03-19,2027-03-20T00:00:00Z,1610612740,NOP,1610612745,HOU,1,0,0,,,
22601017,0022601017,reg,2027-03-19,2027-03-20T00:00:00Z,1610612759,SAS,1610612742,DAL,1,0,0,,,
22601018,0022601018,reg,2027-03-19,2027-03-20T02:00:00Z,1610612744,GSW,1610612757,POR,1,0,0,,,
22601019,0022601019,reg,2027-03-19,2027-03-20T02:00:00Z,1610612747,LAL,1610612737,ATL,1,0,0,,,
22601020,0022601020,reg,2027-03-19,2027-03-20T02:30:00Z,1610612756,PHX,1610612748,MIA,1,0,0,,,
22601021,0022601021,reg,2027-03-20,2027-03-20T17:00:00Z,1610612752,NYK,1610612764,WAS,1,0,0,,,
22601022,0022601022,reg,2027-03-20,2027-03-20T23:00:00Z,1610612753,ORL,1610612743,DEN,1,0,0,,,
22601023,0022601023,reg,2027-03-20,2027-03-20T23:30:00Z,1610612739,CLE,1610612741,CHI,1,0,0,,,
22601024,0022601024,reg,2027-03-20,2027-03-21T00:00:00Z,1610612765,DET,1610612766,CHA,1,0,0,,,
22601025,0022601025,reg,2027-03-20,2027-03-21T00:00:00Z,1610612763,MEM,1610612760,OKC,1,0,0,,,
22601026,0022601026,reg,2027-03-20,2027-03-21T00:00:00Z,1610612749,MIL,1610612754,IND,1,0,0,,,
22601027,0022601027,reg,2027-03-20,2027-03-21T02:30:00Z,1610612746,LAC,1610612737,ATL,1,0,0,,,
22601028,0022601028,reg,2027-03-21,2027-03-21T19:00:00Z,1610612738,BOS,1610612740,NOP,1,0,0,,,
22601029,0022601029,reg,2027-03-21,2027-03-21T19:00:00Z,1610612751,BKN,1610612758,SAC,1,0,0,,,
22601030,0022601030,reg,2027-03-21,2027-03-21T21:00:00Z,1610612762,UTA,1610612761,TOR,1,0,0,,,
22601031,0022601031,reg,2027-03-21,2027-03-21T21:00:00Z,1610612756,PHX,1610612757,POR,1,0,0,,,
22601032,0022601032,reg,2027-03-21,2027-03-21T22:00:00Z,1610612748,MIA,1610612743,DEN,1,0,0,,,
22601033,0022601033,reg,2027-03-21,2027-03-21T23:30:00Z,1610612755,PHI,1610612759,SAS,1,0,0,,,
22601034,0022601034,reg,2027-03-21,2027-03-22T02:00:00Z,1610612747,LAL,1610612742,DAL,1,0,0,,,
22601035,0022601035,reg,2027-03-22,2027-03-22T23:00:00Z,1610612739,CLE,1610612745,HOU,1,0,0,,,
22601036,0022601036,reg,2027-03-22,2027-03-22T23:00:00Z,1610612753,ORL,1610612754,IND,1,0,0,,,
22601037,0022601037,reg,2027-03-22,2027-03-23T00:00:00Z,1610612741,CHI,1610612758,SAC,1,0,0,,,
22601038,0022601038,reg,2027-03-22,2027-03-23T00:00:00Z,1610612763,MEM,1610612766,CHA,1,0,0,,,
22601039,0022601039,reg,2027-03-22,2027-03-23T00:00:00Z,1610612749,MIL,1610612764,WAS,1,0,0,,,
22601040,0022601040,reg,2027-03-22,2027-03-23T01:30:00Z,1610612750,MIN,1610612765,DET,1,0,0,,,
22601041,0022601041,reg,2027-03-22,2027-03-23T02:00:00Z,1610612744,GSW,1610612737,ATL,1,0,0,,,
22601042,0022601042,reg,2027-03-22,2027-03-23T02:30:00Z,1610612746,LAC,1610612742,DAL,1,0,0,,,
22601043,0022601043,reg,2027-03-23,2027-03-23T23:30:00Z,1610612751,BKN,1610612738,BOS,1,0,0,,,
22601044,0022601044,reg,2027-03-23,2027-03-23T23:30:00Z,1610612752,NYK,1610612740,NOP,1,0,0,,,
22601045,0022601045,reg,2027-03-23,2027-03-24T00:00:00Z,1610612748,MIA,1610612747,LAL,1,0,0,,,
22601046,0022601046,reg,2027-03-23,2027-03-24T01:00:00Z,1610612762,UTA,1610612755,PHI,1,0,0,,,
22601047,0022601047,reg,2027-03-23,2027-03-24T02:00:00Z,1610612757,POR,1610612761,TOR,1,0,0,,,
22601048,0022601048,reg,2027-03-23,2027-03-24T03:00:00Z,1610612756,PHX,1610612760,OKC,1,0,0,,,
22601049,0022601049,reg,2027-03-24,2027-03-24T23:00:00Z,1610612766,CHA,1610612765,DET,1,0,0,,,
22601050,0022601050,reg,2027-03-24,2027-03-24T23:00:00Z,1610612754,IND,1610612763,MEM,1,0,0,,,
22601051,0022601051,reg,2027-03-24,2027-03-24T23:00:00Z,1610612764,WAS,1610612743,DEN,1,0,0,,,
22601052,0022601052,reg,2027-03-24,2027-03-24T23:30:00Z,1610612738,BOS,1610612759,SAS,1,0,0,,,
22601053,0022601053,reg,2027-03-24,2027-03-24T23:30:00Z,1610612752,NYK,1610612745,HOU,1,0,0,,,
22601054,0022601054,reg,2027-03-24,2027-03-25T00:00:00Z,1610612741,CHI,1610612753,ORL,1,0,0,,,
22601055,0022601055,reg,2027-03-24,2027-03-25T00:00:00Z,1610612750,MIN,1610612742,DAL,1,0,0,,,
22601056,0022601056,reg,2027-03-24,2027-03-25T02:00:00Z,1610612744,GSW,1610612755,PHI,1,0,0,,,
22601057,0022601057,reg,2027-03-24,2027-03-25T02:00:00Z,1610612756,PHX,1610612760,OKC,1,0,0,,,
22601058,0022601058,reg,2027-03-24,2027-03-25T02:00:00Z,1610612758,SAC,1610612737,ATL,1,0,0,,,
22601059,0022601059,reg,2027-03-24,2027-03-25T02:30:00Z,1610612746,LAC,1610612749,MIL,1,0,0,,,
22601060,0022601060,reg,2027-03-25,2027-03-25T23:00:00Z,1610612739,CLE,1610612747,LAL,1,0,0,,,
22601061,0022601061,reg,2027-03-25,2027-03-25T23:00:00Z,1610612765,DET,1610612745,HOU,1,0,0,,,
22601062,0022601062,reg,2027-03-25,2027-03-25T23:00:00Z,1610612754,IND,1610612759,SAS,1,0,0,,,
22601063,0022601063,reg,2027-03-25,2027-03-25T23:30:00Z,1610612751,BKN,1610612743,DEN,1,0,0,,,
22601064,0022601064,reg,2027-03-25,2027-03-25T23:30:00Z,1610612748,MIA,1610612762,UTA,1,0,0,,,
22601065,0022601065,reg,2027-03-25,2027-03-26T00:00:00Z,1610612763,MEM,1610612741,CHI,1,0,0,,,
22601066,0022601066,reg,2027-03-25,2027-03-26T02:00:00Z,1610612744,GSW,1610612761,TOR,1,0,0,,,
22601067,0022601067,reg,2027-03-26,2027-03-26T23:00:00Z,1610612766,CHA,1610612752,NYK,1,0,0,,,
22601068,0022601068,reg,2027-03-26,2027-03-27T00:00:00Z,1610612742,DAL,1610612740,NOP,1,0,0,,,
22601069,0022601069,reg,2027-03-26,2027-03-27T00:00:00Z,1610612750,MIN,1610612753,ORL,1,0,0,,,
22601070,0022601070,reg,2027-03-26,2027-03-27T00:00:00Z,1610612760,OKC,1610612746,LAC,1,0,0,,,
22601071,0022601071,reg,2027-03-26,2027-03-27T02:00:00Z,1610612756,PHX,1610612749,MIL,1,0,0,,,
22601072,0022601072,reg,2027-03-26,2027-03-27T02:00:00Z,1610612757,POR,1610612755,PHI,1,0,0,,,
22601073,0022601073,reg,2027-03-27,2027-03-27T19:00:00Z,1610612765,DET,1610612759,SAS,1,0,0,,,
22601074,0022601074,reg,2027-03-27,2027-03-27T23:00:00Z,1610612737,ATL,1610612762,UTA,1,0,0,,,
22601075,0022601075,reg,2027-03-27,2027-03-27T23:00:00Z,1610612764,WAS,1610612744,GSW,1,0,0,,,
22601076,0022601076,reg,2027-03-27,2027-03-28T00:00:00Z,1610612748,MIA,1610612738,BOS,1,0,0,,,
22601077,0022601077,reg,2027-03-27,2027-03-28T00:00:00Z,1610612741,CHI,1610612746,LAC,1,0,0,,,
22601078,0022601078,reg,2027-03-27,2027-03-28T02:00:00Z,1610612757,POR,1610612749,MIL,1,0,0,,,
22601079,0022601079,reg,2027-03-27,2027-03-28T02:00:00Z,1610612758,SAC,1610612761,TOR,1,0,0,,,
22601080,0022601080,reg,2027-03-28,2027-03-28T16:30:00Z,1610612753,ORL,1610612752,NYK,1,0,0,,,
22601081,0022601081,reg,2027-03-28,2027-03-28T19:00:00Z,1610612751,BKN,1610612763,MEM,1,0,0,,,
22601082,0022601082,reg,2027-03-28,2027-03-28T19:00:00Z,1610612745,HOU,1610612747,LAL,1,0,0,,,
22601083,0022601083,reg,2027-03-28,2027-03-28T22:00:00Z,1610612766,CHA,1610612762,UTA,1,0,0,,,
22601084,0022601084,reg,2027-03-28,2027-03-28T22:00:00Z,1610612764,WAS,1610612742,DAL,1,0,0,,,
22601085,0022601085,reg,2027-03-28,2027-03-28T23:00:00Z,1610612740,NOP,1610612738,BOS,1,0,0,,,
22601086,0022601086,reg,2027-03-28,2027-03-28T23:30:00Z,1610612750,MIN,1610612760,OKC,1,0,0,,,
22601087,0022601087,reg,2027-03-28,2027-03-29T01:00:00Z,1610612756,PHX,1610612761,TOR,1,0,0,,,
22601088,0022601088,reg,2027-03-28,2027-03-29T02:00:00Z,1610612743,DEN,1610612755,PHI,1,0,0,,,
22601089,0022601089,reg,2027-03-29,2027-03-29T23:00:00Z,1610612737,ATL,1610612750,MIN,1,0,0,,,
22601090,0022601090,reg,2027-03-29,2027-03-29T23:00:00Z,1610612739,CLE,1610612748,MIA,1,0,0,,,
22601091,0022601091,reg,2027-03-29,2027-03-29T23:00:00Z,1610612765,DET,1610612746,LAC,1,0,0,,,
22601092,0022601092,reg,2027-03-29,2027-03-29T23:30:00Z,1610612751,BKN,1610612744,GSW,1,0,0,,,
22601093,0022601093,reg,2027-03-29,2027-03-30T00:00:00Z,1610612741,CHI,1610612754,IND,1,0,0,,,
22601094,0022601094,reg,2027-03-29,2027-03-30T00:00:00Z,1610612749,MIL,1610612742,DAL,1,0,0,,,
22601095,0022601095,reg,2027-03-29,2027-03-30T01:30:00Z,1610612759,SAS,1610612756,PHX,1,0,0,,,
22601096,0022601096,reg,2027-03-29,2027-03-30T02:00:00Z,1610612758,SAC,1610612743,DEN,1,0,0,,,
22601097,0022601097,reg,2027-03-30,2027-03-30T23:00:00Z,1610612766,CHA,1610612748,MIA,1,0,0,,,
22601098,0022601098,reg,2027-03-30,2027-03-31T00:00:00Z,1610612754,IND,1610612738,BOS,1,0,0,,,
22601099,0022601099,reg,2027-03-30,2027-03-31T00:00:00Z,1610612753,ORL,1610612752,NYK,1,0,0,,,
22601100,0022601100,reg,2027-03-30,2027-03-31T00:00:00Z,1610612763,MEM,1610612747,LAL,1,0,0,,,
22601101,0022601101,reg,2027-03-30,2027-03-31T01:00:00Z,1610612762,UTA,1610612760,OKC,1,0,0,,,
22601102,0022601102,reg,2027-03-30,2027-03-31T03:00:00Z,1610612757,POR,1610612745,HOU,1,0,0,,,
22601103,0022601103,reg,2027-03-31,2027-03-31T23:00:00Z,1610612737,ATL,1610612746,LAC,1,0,0,,,
22601104,0022601104,reg,2027-03-31,2027-03-31T23:00:00Z,1610612765,DET,1610612761,TOR,1,0,0,,,
22601105,0022601105,reg,2027-03-31,2027-03-31T23:00:00Z,1610612755,PHI,1610612744,GSW,1,0,0,,,
22601106,0022601106,reg,2027-03-31,2027-03-31T23:00:00Z,1610612764,WAS,1610612741,CHI,1,0,0,,,
22601107,0022601107,reg,2027-03-31,2027-03-31T23:30:00Z,1610612751,BKN,1610612739,CLE,1,0,0,,,
22601108,0022601108,reg,2027-03-31,2027-04-01T00:00:00Z,1610612749,MIL,1610612740,NOP,1,0,0,,,
22601109,0022601109,reg,2027-03-31,2027-04-01T00:00:00Z,1610612750,MIN,1610612758,SAC,1,0,0,,,
22601110,0022601110,reg,2027-03-31,2027-04-01T00:00:00Z,1610612759,SAS,1610612756,PHX,1,0,0,,,
22601111,0022601111,reg,2027-03-31,2027-04-01T01:30:00Z,1610612742,DAL,1610612743,DEN,1,0,0,,,
22601112,0022601112,reg,2027-03-31,2027-04-01T02:00:00Z,1610612757,POR,1610612745,HOU,1,0,0,,,
22601113,0022601113,reg,2027-04-01,2027-04-01T23:00:00Z,1610612739,CLE,1610612738,BOS,1,0,0,,,
22601114,0022601114,reg,2027-04-01,2027-04-01T23:00:00Z,1610612754,IND,1610612753,ORL,1,0,0,,,
22601115,0022601115,reg,2027-04-01,2027-04-01T23:30:00Z,1610612752,NYK,1610612766,CHA,1,0,0,,,
22601116,0022601116,reg,2027-04-01,2027-04-02T01:30:00Z,1610612760,OKC,1610612747,LAL,1,0,0,,,
22601117,0022601117,reg,2027-04-02,2027-04-02T23:00:00Z,1610612764,WAS,1610612755,PHI,1,0,0,,,
22601118,0022601118,reg,2027-04-02,2027-04-02T23:30:00Z,1610612738,BOS,1610612748,MIA,1,0,0,,,
22601119,0022601119,reg,2027-04-02,2027-04-02T23:30:00Z,1610612751,BKN,1610612752,NYK,1,0,0,,,
22601120,0022601120,reg,2027-04-02,2027-04-02T23:30:00Z,1610612750,MIN,1610612744,GSW,1,0,0,,,
22601121,0022601121,reg,2027-04-02,2027-04-03T00:00:00Z,1610612741,CHI,1610612765,DET,1,0,0,,,
22601122,0022601122,reg,2027-04-02,2027-04-03T00:00:00Z,1610612742,DAL,1610612758,SAC,1,0,0,,,
22601123,0022601123,reg,2027-04-02,2027-04-03T00:00:00Z,1610612749,MIL,1610612766,CHA,1,0,0,,,
22601124,0022601124,reg,2027-04-02,2027-04-03T00:30:00Z,1610612761,TOR,1610612737,ATL,1,0,0,,,
22601125,0022601125,reg,2027-04-02,2027-04-03T00:30:00Z,1610612745,HOU,1610612763,MEM,1,0,0,,,
22601126,0022601126,reg,2027-04-02,2027-04-03T02:00:00Z,1610612756,PHX,1610612743,DEN,1,0,0,,,
22601127,0022601127,reg,2027-04-02,2027-04-03T02:00:00Z,1610612757,POR,1610612762,UTA,1,0,0,,,
22601128,0022601128,reg,2027-04-02,2027-04-03T02:30:00Z,1610612746,LAC,1610612759,SAS,1,0,0,,,
22601129,0022601129,reg,2027-04-03,2027-04-03T21:00:00Z,1610612760,OKC,1610612740,NOP,1,0,0,,,
22601130,0022601130,reg,2027-04-03,2027-04-03T23:00:00Z,1610612753,ORL,1610612764,WAS,1,0,0,,,
22601131,0022601131,reg,2027-04-04,2027-04-04T17:00:00Z,1610612755,PHI,1610612737,ATL,1,0,0,,,
22601132,0022601132,reg,2027-04-04,2027-04-04T18:00:00Z,1610612749,MIL,1610612751,BKN,1,0,0,,,
22601133,0022601133,reg,2027-04-04,2027-04-04T19:00:00Z,1610612739,CLE,1610612766,CHA,1,0,0,,,
22601134,0022601134,reg,2027-04-04,2027-04-04T19:00:00Z,1610612765,DET,1610612748,MIA,1,0,0,,,
22601135,0022601135,reg,2027-04-04,2027-04-04T19:00:00Z,1610612742,DAL,1610612750,MIN,1,0,0,,,
22601136,0022601136,reg,2027-04-04,2027-04-04T19:30:00Z,1610612761,TOR,1610612754,IND,1,0,0,,,
22601137,0022601137,reg,2027-04-04,2027-04-04T20:00:00Z,1610612745,HOU,1610612741,CHI,1,0,0,,,
22601138,0022601138,reg,2027-04-04,2027-04-04T20:30:00Z,1610612746,LAC,1610612756,PHX,1,0,0,,,
22601139,0022601139,reg,2027-04-04,2027-04-04T21:00:00Z,1610612743,DEN,1610612763,MEM,1,0,0,,,
22601140,0022601140,reg,2027-04-04,2027-04-04T21:00:00Z,1610612762,UTA,1610612757,POR,1,0,0,,,
22601141,0022601141,reg,2027-04-04,2027-04-04T22:00:00Z,1610612758,SAC,1610612744,GSW,1,0,0,,,
22601142,0022601142,reg,2027-04-04,2027-04-04T23:30:00Z,1610612752,NYK,1610612738,BOS,1,0,0,,,
22601143,0022601143,reg,2027-04-04,2027-04-05T02:00:00Z,1610612747,LAL,1610612759,SAS,1,0,0,,,
22601144,0022601144,reg,2027-04-05,2027-04-05T23:00:00Z,1610612739,CLE,1610612751,BKN,1,0,0,,,
22601145,0022601145,reg,2027-04-05,2027-04-05T23:00:00Z,1610612753,ORL,1610612748,MIA,1,0,0,,,
22601146,0022601146,reg,2027-04-05,2027-04-06T00:00:00Z,1610612740,NOP,1610612764,WAS,1,0,0,,,
22601147,0022601147,reg,2027-04-06,2027-04-06T23:00:00Z,1610612766,CHA,1610612754,IND,1,0,0,,,
22601148,0022601148,reg,2027-04-06,2027-04-06T23:30:00Z,1610612761,TOR,1610612755,PHI,1,0,0,,,
22601149,0022601149,reg,2027-04-06,2027-04-07T00:00:00Z,1610612737,ATL,1610612752,NYK,1,0,0,,,
22601150,0022601150,reg,2027-04-06,2027-04-07T00:00:00Z,1610612763,MEM,1610612765,DET,1,0,0,,,
22601151,0022601151,reg,2027-04-06,2027-04-07T00:00:00Z,1610612749,MIL,1610612741,CHI,1,0,0,,,
22601152,0022601152,reg,2027-04-06,2027-04-07T00:00:00Z,1610612759,SAS,1610612758,SAC,1,0,0,,,
22601153,0022601153,reg,2027-04-06,2027-04-07T01:00:00Z,1610612743,DEN,1610612740,NOP,1,0,0,,,
22601154,0022601154,reg,2027-04-06,2027-04-07T01:00:00Z,1610612762,UTA,1610612760,OKC,1,0,0,,,
22601155,0022601155,reg,2027-04-06,2027-04-07T02:00:00Z,1610612747,LAL,1610612742,DAL,1,0,0,,,
22601156,0022601156,reg,2027-04-06,2027-04-07T02:30:00Z,1610612746,LAC,1610612750,MIN,1,0,0,,,
22601157,0022601157,reg,2027-04-06,2027-04-07T03:00:00Z,1610612744,GSW,1610612756,PHX,1,0,0,,,
22601158,0022601158,reg,2027-04-07,2027-04-07T23:00:00Z,1610612765,DET,1610612754,IND,1,0,0,,,
22601159,0022601159,reg,2027-04-07,2027-04-07T23:00:00Z,1610612753,ORL,1610612738,BOS,1,0,0,,,
22601160,0022601160,reg,2027-04-07,2027-04-07T23:30:00Z,1610612761,TOR,1610612751,BKN,1,0,0,,,
22601161,0022601161,reg,2027-04-07,2027-04-07T23:30:00Z,1610612759,SAS,1610612739,CLE,1,0,0,,,
22601162,0022601162,reg,2027-04-07,2027-04-08T00:00:00Z,1610612741,CHI,1610612766,CHA,1,0,0,,,
22601163,0022601163,reg,2027-04-07,2027-04-08T00:00:00Z,1610612763,MEM,1610612764,WAS,1,0,0,,,
22601164,0022601164,reg,2027-04-07,2027-04-08T00:30:00Z,1610612745,HOU,1610612758,SAC,1,0,0,,,
22601165,0022601165,reg,2027-04-07,2027-04-08T02:00:00Z,1610612747,LAL,1610612750,MIN,1,0,0,,,
22601166,0022601166,reg,2027-04-07,2027-04-08T02:00:00Z,1610612757,POR,1610612742,DAL,1,0,0,,,
22601167,0022601167,reg,2027-04-08,2027-04-08T23:00:00Z,1610612748,MIA,1610612755,PHI,1,0,0,,,
22601168,0022601168,reg,2027-04-08,2027-04-09T00:00:00Z,1610612749,MIL,1610612752,NYK,1,0,0,,,
22601169,0022601169,reg,2027-04-08,2027-04-09T01:00:00Z,1610612743,DEN,1610612746,LAC,1,0,0,,,
22601170,0022601170,reg,2027-04-08,2027-04-09T01:00:00Z,1610612762,UTA,1610612740,NOP,1,0,0,,,
22601171,0022601171,reg,2027-04-08,2027-04-09T01:30:00Z,1610612760,OKC,1610612744,GSW,1,0,0,,,
22601172,0022601172,reg,2027-04-09,2027-04-09T23:00:00Z,1610612737,ATL,1610612738,BOS,1,0,0,,,
22601173,0022601173,reg,2027-04-09,2027-04-09T23:00:00Z,1610612766,CHA,1610612751,BKN,1,0,0,,,
22601174,0022601174,reg,2027-04-09,2027-04-09T23:00:00Z,1610612754,IND,1610612739,CLE,1,0,0,,,
22601175,0022601175,reg,2027-04-09,2027-04-09T23:00:00Z,1610612752,NYK,1610612765,DET,1,0,0,,,
22601176,0022601176,reg,2027-04-09,2027-04-09T23:00:00Z,1610612753,ORL,1610612761,TOR,1,0,0,,,
22601177,0022601177,reg,2027-04-09,2027-04-10T00:00:00Z,1610612748,MIA,1610612764,WAS,1,0,0,,,
22601178,0022601178,reg,2027-04-09,2027-04-10T00:00:00Z,1610612741,CHI,1610612749,MIL,1,0,0,,,
22601179,0022601179,reg,2027-04-09,2027-04-10T00:00:00Z,1610612760,OKC,1610612744,GSW,1,0,0,,,
22601180,0022601180,reg,2027-04-09,2027-04-10T00:30:00Z,1610612745,HOU,1610612757,POR,1,0,0,,,
22601181,0022601181,reg,2027-04-09,2027-04-10T01:30:00Z,1610612759,SAS,1610612743,DEN,1,0,0,,,
22601182,0022601182,reg,2027-04-09,2027-04-10T01:30:00Z,1610612762,UTA,1610612746,LAC,1,0,0,,,
22601183,0022601183,reg,2027-04-09,2027-04-10T02:00:00Z,1610612747,LAL,1610612750,MIN,1,0,0,,,
22601184,0022601184,reg,2027-04-09,2027-04-10T02:00:00Z,1610612756,PHX,1610612763,MEM,1,0,0,,,
22601185,0022601185,reg,2027-04-09,2027-04-10T02:00:00Z,1610612758,SAC,1610612742,DAL,1,0,0,,,
22601186,0022601186,reg,2027-04-11,2027-04-11T22:00:00Z,1610612738,BOS,1610612749,MIL,1,0,0,,,
22601187,0022601187,reg,2027-04-11,2027-04-11T22:00:00Z,1610612751,BKN,1610612761,TOR,1,0,0,,,
22601188,0022601188,reg,2027-04-11,2027-04-11T22:00:00Z,1610612739,CLE,1610612737,ATL,1,0,0,,,
22601189,0022601189,reg,2027-04-11,2027-04-11T22:00:00Z,1610612748,MIA,1610612753,ORL,1,0,0,,,
22601190,0022601190,reg,2027-04-11,2027-04-11T22:00:00Z,1610612752,NYK,1610612754,IND,1,0,0,,,
22601191,0022601191,reg,2027-04-11,2027-04-11T22:00:00Z,1610612755,PHI,1610612766,CHA,1,0,0,,,
22601192,0022601192,reg,2027-04-11,2027-04-11T22:00:00Z,1610612764,WAS,1610612765,DET,1,0,0,,,
22601193,0022601193,reg,2027-04-11,2027-04-11T22:00:00Z,1610612740,NOP,1610612741,CHI,1,0,0,,,
22601194,0022601194,reg,2027-04-11,2027-04-12T00:30:00Z,1610612742,DAL,1610612763,MEM,1,0,0,,,
22601195,0022601195,reg,2027-04-11,2027-04-12T00:30:00Z,1610612750,MIN,1610612745,HOU,1,0,0,,,
22601196,0022601196,reg,2027-04-11,2027-04-12T00:30:00Z,1610612759,SAS,1610612757,POR,1,0,0,,,
22601197,0022601197,reg,2027-04-11,2027-04-12T00:30:00Z,1610612743,DEN,1610612760,OKC,1,0,0,,,
22601198,0022601198,reg,2027-04-11,2027-04-12T00:30:00Z,1610612744,GSW,1610612762,UTA,1,0,0,,,
22601199,0022601199,reg,2027-04-11,2027-04-12T00:30:00Z,1610612746,LAC,1610612758,SAC,1,0,0,,,
22601200,0022601200,reg,2027-04-11,2027-04-12T00:30:00Z,1610612747,LAL,1610612756,PHX,1,0,0,,,
